step,rl_mean,rl_std,baseline_mean,baseline_std,rl_ema,baseline_ema
0,7.385842316150665,4.051219224672127,7.373837053775787,4.048482149541355,7.385842316150665,7.373837053775787
1,7.382252516746521,4.048702915238633,7.336560549736023,4.0372222825323,7.385806418156623,7.37346428873539
2,7.372212309837341,4.044433888206245,7.271782249212265,4.016401367612911,7.38567047707343,7.372447468340158
3,7.350860359668732,4.0359295454541995,7.17242291688919,3.982681264446038,7.385322375899383,7.370447222825648
4,7.316398754119873,4.022929851401149,7.034813959598541,3.934163643021073,7.384633139681588,7.367090890193377
5,7.26890920162201,4.006901474762856,6.859013098478317,3.870156622856812,7.383475900300992,7.362010112276226
6,7.210530788898468,3.9893023040964244,6.648388165235519,3.7911308080833668,7.381746449186966,7.354873892805819
7,7.144645963907242,3.97158703289348,6.409022685289383,3.698493220296457,7.379375444334169,7.345415380730655
8,7.0756198132038115,3.9581800236874463,6.1488596940040585,3.5943582503497584,7.376337888022865,7.333449823863389
9,7.010030505657196,3.9537011119924035,5.876789889335632,3.4813236257406217,7.3726748141992084,7.318883224518111
10,6.952041220664978,3.959087412402857,5.530860220193863,3.326428829616134,7.368468478263866,7.301002994474869
11,6.9046366035938265,3.974599403108346,5.264893182516098,3.2038423047147186,7.363830159517166,7.280641896355281
12,6.8695018303394315,4.000377771563144,5.010005089044571,3.081754254521625,7.358886876225388,7.257935528282174
13,6.846897052526474,4.035448025175593,4.770349324941635,2.96303293327343,7.353766977988399,7.233059666248769
14,6.774611483812333,4.028232104022621,4.548214080929756,2.8499734880313863,7.3479754230466385,7.206211210395579
15,6.771364901065827,4.0735623891579955,4.34429272711277,2.7442189160704618,7.34220931782683,7.177592025562751
16,6.782438142299652,4.123657423000464,4.183988782167435,2.685847534141188,7.336611606071558,7.147655993128797
17,6.785407012701034,4.167234541333862,4.016345384716987,2.602570493956291,7.331099560137853,7.11634288704468
18,6.785390720367432,4.203900605097604,3.8628609019517897,2.5268816181521805,7.3256424717401485,7.0838080671937504
19,6.77879460811615,4.231458354078676,3.7925701212882994,2.546401238739707,7.320173993103909,7.0508956877346955
20,6.4454102706909175,3.909857558625359,3.663827732205391,2.4874472574405115,7.311426355879779,7.017025008179402
21,6.415952968597412,3.9006608605174646,3.5447251933813093,2.4320866320654497,7.302471622006955,6.982302010031421
22,6.349303331375122,3.878520071445038,3.5445868676900862,2.477847190292339,7.292939939100637,6.947924858608008
23,6.301675465106964,3.8472990312922626,3.4589337521791457,2.4580408086704226,7.2830272943607,6.91303494754372
24,6.248390292525292,3.8102587403775763,3.3643851524591444,2.4129287651409856,7.272680924342346,6.877548449592874
25,6.191945143938065,3.7698729843253767,3.3065498489141465,2.3583591203686423,7.261873566538303,6.841838463586086
26,6.23692934513092,3.8269391615885793,3.2166186916828154,2.305357143312522,7.251624124324229,6.805586265867053
27,6.182758482694626,3.792767058645817,3.272744588255882,2.381834469424989,7.240935467907932,6.770257849090941
28,6.1331933963298795,3.76325724228945,3.179657195210457,2.3260535538653864,7.229858047192152,6.734351842552136
29,6.0902550023794175,3.738275625694161,3.0825557190179826,2.2648679442654833,7.2184620167440245,6.697833881316794
30,5.982451679110527,3.620676587771887,2.981050861477852,2.198931766565518,7.206101913367689,6.660666051118404
31,5.95570859849453,3.6068633763004403,2.937474048733711,2.2219613516699828,7.193597980218958,6.623434131094557
32,5.939333693981171,3.6017385941818234,2.8353892868757247,2.1599905899615455,7.181055337356581,6.585553682652369
33,5.929615312218666,3.6069342991111393,2.7223385047912596,2.089605381056625,7.168540937105202,6.5469215308737585
34,5.896086847782135,3.611673948492576,2.636702002286911,2.050904789527855,7.1558163962119705,6.50781933558789
35,5.86247372508049,3.6142501574991095,2.5420161545276643,1.98623168234066,7.142882969500656,6.468161303777288
36,5.892133548259735,3.7055210028128838,2.453561935424805,1.9199075217754902,7.130375475288246,6.428015310093763
37,6.0819665485620495,4.171674265381427,2.511405827999115,2.1073243693789956,7.119891386020984,6.388849215272817
38,6.0361978268623355,3.9650911529761044,2.439081659913063,2.0480028080989254,7.109054450429398,6.34935153971922
39,6.117012575268745,3.9962748376576154,2.372812874317169,1.9846892900701376,7.099134031677791,6.3095861530652
40,5.990755757689476,3.887363633938683,2.3116012382507325,1.919309867475981,7.0880502489379085,6.2696063039170555
41,5.999696056842804,3.9008603551636973,2.4240038877725603,2.46959752406467,7.077166707016958,6.231150279755611
42,5.9887530475854875,3.910948845339335,2.4300432246923447,2.5147111681394643,7.0662825704226435,6.193139209204979
43,5.997796889543533,3.932799275659538,2.412308806180954,2.5389063201254434,7.055597713613853,6.155330905174739
44,6.036916598081588,3.9873189056877707,2.4162070220708847,2.5282589495889316,7.0454109024585305,6.1179396663437
45,6.035467134714127,4.013626213411856,2.4270415675640105,2.5189090184819007,7.035311464781087,6.081030685355903
46,6.046897496581078,4.029672049217693,2.384740589261055,2.4766639794801324,7.025427325099086,6.0440677843949535
47,6.090846475362778,4.095026731451163,2.315825560092926,2.417341087443937,7.016081516601723,6.006785362151933
48,6.153205604553222,4.114243502501425,2.2682843732833864,2.3465143018300507,7.007452757481238,5.969400352263247
49,6.156291185617447,4.061550520905258,2.200248110294342,2.2724317124315663,6.998941141762601,5.931708829843559
50,6.0317008602619175,3.60680771485022,2.2756012296676635,2.300193429748429,6.989268738947595,5.8951477538418
51,6.178352258205414,3.7264310311491804,2.3156988233327866,2.3940634451191447,6.981159574140173,5.85935326453671
52,6.227365978956223,3.7661004755841203,2.37850411772728,2.6456847327681547,6.973621638188333,5.824544773068616
53,6.298255770206452,3.8266431167711388,2.3278765016794205,2.583436012282647,6.966867979508514,5.789578090354723
54,6.396765125393867,3.9257704717159108,2.2786555695533752,2.517420793661992,6.9611669509673675,5.75446886514671
55,6.3581954288482665,3.9773648187974318,2.229417098760605,2.447742496834973,6.955137235746177,5.719218347482848
56,6.434690725207329,4.017828858689351,2.1788310396671293,2.3743972205518444,6.949932770640788,5.683814474404691
57,6.470679847002029,3.997111364938391,2.125769523382187,2.2976536289157075,6.9451402414044,5.648234024894466
58,6.540813257694245,3.965194822696134,2.0696970933675765,2.218072648814953,6.9410969715672985,5.612448655579197
59,6.5397743397951125,3.9480041982465264,2.089116657376289,2.244213257746146,6.937083745249577,5.577215335597168
60,6.650402293801307,3.977321757255495,2.1043088322877885,2.2486636593377622,6.9342169307350945,5.542486270564074
61,6.5977983260154724,3.7067619753307737,2.0427897071838377,2.1753977181338673,6.930852744687898,5.507489304930272
62,6.748457245826721,3.7035844698626925,1.9817652571201325,2.1024580606870713,6.929028789699285,5.472232064452171
63,7.0209417849779125,3.7288069388430927,2.0141219037771223,2.2041282032461393,6.929947919652071,5.437650962845421
64,6.970358164310455,3.6930695952148365,2.023999063372612,2.2270532929489595,6.930352022098655,5.403514443850693
65,7.043550735712051,3.6971423770034546,1.97462171792984,2.165962506256346,6.931484009234789,5.3692255165914835
66,7.12441623210907,3.753000878506357,1.9302886074781418,2.1014517689191656,6.933413331463532,5.33483614750035
67,7.033853900432587,3.892364230823453,1.901499097943306,2.0343724082532395,6.934417737153223,5.3005027770047795
68,6.975650010108947,3.7161941880638754,1.8674339056015015,1.961016535819311,6.9348300598827795,5.266172088290746
69,7.019910564422608,3.699267981956681,1.9115519154071807,1.9437734406231215,6.935680864928178,5.232625886561911
70,7.090524971485138,3.66341153340665,1.883404785990715,1.868964563864718,6.937229305993747,5.199133675556198
71,7.047064491510391,3.6817993743162507,1.8557110673189163,1.7929626698793821,6.938327657848913,5.165699449473825
72,7.0454832255840305,3.698604058816663,1.8269323456287383,1.7164331072894532,6.939399213526264,5.1323117784353744
73,7.159319328069687,3.685309954538804,1.7960420918464661,1.640243455519087,6.941598414671699,5.098949081569486
74,7.28588544011116,3.842697975395984,1.7626042878627777,1.5652836411767626,6.945041284926093,5.065585633632418
75,7.287035658359527,3.890392278425406,1.7264382117986679,1.4922593094234842,6.9484612286604275,5.032194159414081
76,7.345049352645874,3.923087363219185,1.7236715811491012,1.4551689104978416,6.952427109900282,4.999108933631431
77,7.425034195184708,3.997941672348609,1.714771009683609,1.407574540350249,6.957153180753126,4.966265554391953
78,7.528899239301682,4.185549593926482,1.7171999728679657,1.397099735627212,6.962870641338612,4.933774898576713
79,7.374248274564743,4.007329500340246,1.6741618996858596,1.340885277796557,6.966984417670873,4.901178768587805
80,7.399519064426422,4.030902122337734,1.6317761832475661,1.2863581915061455,6.971309764138428,4.868484742734402
81,7.357466553449631,4.07669389521542,1.6523833662271499,1.3417003597360677,6.9751713320315405,4.8363237289693295
82,7.378439047336578,4.116634477906496,1.615274306535721,1.2954241432295501,6.97920400918459,4.804113234744994
83,7.271866451501847,4.082351346230912,1.581748880147934,1.2483663388491106,6.982130633607762,4.771889591199024
84,7.284250982999802,4.102417242577822,1.5523000293970108,1.1995920906354203,6.985151837101683,4.739693695581003
85,7.328288736343384,4.182937666061447,1.527420583963394,1.1492536486748464,6.9885832060941,4.707570964464828
86,7.336364656686783,4.21122762050501,1.507321685552597,1.097889690065948,6.992061020600027,4.675568471675705
87,7.323102054595947,4.221982452734789,1.4916065430641174,1.0464179094097144,6.995371430939986,4.6437288523895885
88,7.353156886100769,4.283282707975128,1.5776521998643875,1.3925673618643,6.9989492854915945,4.613068085864337
89,7.399051356315613,4.377883996734666,1.5692409408092498,1.3591275049500258,7.002950306199835,4.582629814413787
90,7.2624350261688235,4.274864811780168,1.5640418297052383,1.3293393016300672,7.005545153399525,4.552443934566702
91,7.327683156728744,4.382024284097781,1.5633025246858596,1.3061073118684285,7.0087665334328175,4.522552520467894
92,7.177400436401367,4.169578298852784,1.569008984565735,1.29705980949754,7.010452872462503,4.493017085108872
93,7.233769756555557,4.15638231364613,1.583574184179306,1.319941242027438,7.012686041303434,4.463922656099577
94,7.265540229082108,4.207711407120088,1.5956037825345992,1.3472494086800888,7.015214583181221,4.435239467363926
95,7.120408337712288,4.143732583550937,1.610350512266159,1.3933773583010893,7.016266520726531,4.406990577812948
96,7.15762346804142,4.166345388330626,1.6024072510004044,1.3479192140929133,7.01768009019968,4.378944744544823
97,7.241029227972031,4.1888778262839494,1.61675801217556,1.3908740300854086,7.019913581577403,4.35132287722113
98,7.151070972681046,3.9692069732811546,1.6450134599208832,1.5119395984748378,7.021225155488439,4.324259783048127
99,7.2864293384552,4.086303250570896,1.696600420475006,1.7791703270266723,7.023877197318107,4.297983189422396
100,7.121991908550262,4.098255056513318,1.7247027921676636,1.844230495211613,7.024858344430429,4.2722503854498495
101,7.182752809524536,4.179531066138879,1.7039406710863114,1.766998145213399,7.02643728908137,4.246567288306213
102,7.087646145820617,4.051029632445306,1.6862104690074922,1.7290006761903574,7.027049377648762,4.220963720113226
103,7.140474199056626,4.107797644441523,1.6727139657735826,1.6872974277872417,7.02818362586284,4.195481222569829
104,7.2203035640716555,4.2035764122878865,1.6647898477315903,1.6443635908398022,7.030104825244928,4.170174308821446
105,7.0047952389717105,4.011324506564012,1.697274196743965,1.6456990130608196,7.029851729382195,4.145445307700671
106,7.010324516296387,4.004288023750134,1.6858126026391984,1.5956850742507613,7.029656457251337,4.120848980650056
107,7.076576598882675,3.9732361461000525,1.6780777996778489,1.5449567909351893,7.030125658667651,4.096421268840334
108,7.103182163238525,3.9993434668293504,1.7702082246541977,1.8594550769599627,7.03085622371336,4.073159138398473
109,7.161365578174591,4.036997625906392,1.8192267608642578,1.9449068143997592,7.032161317257972,4.050619814623131
110,7.159695014953614,4.0796858323498695,1.8071888411045074,1.9002894696571955,7.0334366542349285,4.0281855048879445
111,7.143235630989075,4.109277531124622,1.7978764170408248,1.8574144328451854,7.03453464400247,4.0058824140094735
112,7.22693142414093,4.214675822608636,1.8282690787315368,1.845702078142256,7.036458611803854,3.984106280656694
113,7.019289748668671,4.233951033497735,1.8736222010850907,1.9025807252269522,7.0362869231725025,3.963001439860978
114,6.907618780136108,4.229803785457029,1.854657508134842,1.8602916483753789,7.0350002417421384,3.941918000543717
115,6.802559630870819,4.110333857272663,1.9081039357185363,1.9116798815385978,7.032675835633426,3.921579859895465
116,6.650198739767075,4.21342891306532,1.899093992114067,1.881746351765299,7.028851064674762,3.901355001217651
117,6.378437472581863,3.9689774411153023,2.041064885258675,2.580914653414378,7.022346928753833,3.8827521000580614
118,6.430885549187661,4.0079729319102775,2.124289111495018,2.728319473960276,7.0164323149581715,3.865167470172431
119,6.368636557459832,3.907444032543672,2.1209914720058443,2.6911285816540134,7.009954357383188,3.847725710190765
120,6.380520447492599,3.8945092764138844,2.1819545567035674,2.6936645133898933,7.0036600182842825,3.831067998655893
121,6.425677448511124,3.9334371183734236,2.208529587984085,2.6927180369864447,6.997880192586551,3.8148426145491747
122,6.519369987249374,4.097525617831628,2.212757927775383,2.6286231612703275,6.9930950905331795,3.798821767681437
123,6.534840081334114,4.053010898162376,2.231942454576492,2.601615410809925,6.988512540441189,3.7831529745503873
124,6.56846710562706,4.054845419986404,2.2537166249752043,2.625989913752684,6.984312086093047,3.7678586110546353
125,6.55645561337471,3.9642384305040967,2.238569111824036,2.568082760221711,6.980033521365864,3.752565716062329
126,6.59981155872345,3.9599388812645477,2.1403804457187654,2.3396698350167933,6.97623130173944,3.7364438633588937
127,6.517620027065277,3.973803876978469,2.1331760716438293,2.28460752955484,6.9716451889926985,3.7204111854417428
128,6.539604462385178,4.013993142462185,2.227104681134224,2.6625715237341736,6.9673247817266235,3.7054781203986678
129,6.5697633647918705,4.0708907520008,2.202370775938034,2.598273097859012,6.9633491675572765,3.6904470469540613
130,6.368497557640076,3.8051422691093384,2.2803636342287064,2.7625135512841568,6.957400651458104,3.676346212826808
131,6.260393171310425,3.6191505637358947,2.249676337838173,2.705073457573005,6.950430576656627,3.6620795140769213
132,6.275272274017334,3.612129432814729,2.2265831553936004,2.6647295337069252,6.943678993630234,3.647724550490088
133,6.315666571855545,3.62090519054415,2.2131806194782255,2.6557235569812567,6.937398869412487,3.6333791111799694
134,6.364333680868149,3.614439145377781,2.351446195244789,2.9912954299509056,6.931668217527043,3.6205597820206177
135,6.4392035448551175,3.584620994458207,2.322591955661774,2.9347601806804287,6.9267435708003235,3.607580103757029
136,6.44320705294609,3.5882191622260877,2.3012144422531127,2.88310173188397,6.921908205621781,3.59451644714199
137,6.498131206035614,3.6189832890388764,2.2894323658943176,2.843757608061599,6.9176704356259195,3.5814656063295134
138,6.50952394247055,3.6401173287533637,2.203061604499817,2.7277300915846516,6.913588970694366,3.5676815663112165
139,6.475800068378448,3.621919038323804,2.1885066628456116,2.662921256470372,6.909211081671207,3.5538898172765605
140,6.586509118080139,3.7099147346029957,2.185945990681648,2.6162431999858757,6.905984062035296,3.5402103790106114
141,6.5649556481838225,3.628436714517433,2.2169467133283614,2.599265403257544,6.902573777896781,3.5269777423537887
142,6.591892342567444,3.6505498914063366,2.2438173443078995,2.705835468686063,6.899466963543488,3.51414613837333
143,6.617144465446472,3.6886573348183345,2.3145592921972273,2.767237768300393,6.896643738562518,3.502150269911569
144,6.5339055979251865,3.5880507188783692,2.301384607553482,2.706278732517841,6.893016357156145,3.490142613287988
145,6.689004100561142,3.7485044716667626,2.3054694610834123,2.669069363963001,6.890976234590195,3.4782958817659426
146,6.739535872936249,3.861955269874955,2.2502564865350725,2.55376452842749,6.889461830973656,3.466015487813634
147,6.8101211810112,3.9715380595782457,2.2669576716423037,2.528459764307163,6.888668424474031,3.454024909651921
148,6.681908004283905,3.6046156789555464,2.3076674044132233,2.5747333131955434,6.88660082027213,3.442561334599534
149,6.772217668294907,3.657495193925791,2.2723051184415817,2.529622729772355,6.885456988752358,3.4308587724379542
150,7.0009871864318844,3.8143793789724842,2.2598341530561448,2.495729715583504,6.886612290729153,3.419148526244136
151,7.022599537372589,3.8473583457264047,2.223123451471329,2.316249192338838,6.887972163195588,3.407188275496408
152,7.025524283647537,3.844917567635907,2.4511578917503356,2.773062270757716,6.889347684400108,3.397627971658947
153,7.019368927478791,3.886771950331599,2.5513525927066802,2.9056949749378953,6.890647896830895,3.3891652178694245
154,7.074742457866669,3.9177691834369393,2.5574922347068787,2.889195388479687,6.892488842441253,3.380848488037799
155,6.963292871713638,3.914141852437934,2.582016788125038,2.9205138866897276,6.893196882733977,3.372860171038671
156,7.026841926574707,3.9470077327048556,2.596750258207321,2.981468641672672,6.894533333172384,3.3650990719103575
157,7.096484446525574,4.011086514050175,2.8617847472429276,3.5547277849926604,6.896552844305916,3.360065928663683
158,7.210179558992386,4.072380687861728,2.8325725984573364,3.502574781061254,6.89968911145278,3.3547909953616197
159,7.261547108888626,4.156549893273423,2.831354281306267,3.4460502953847256,6.903307691427138,3.3495566282210665
160,7.118587355613709,4.133263324534159,2.820303230881691,3.399712166967669,6.905460488069004,3.3442640942476727
161,7.143251085281372,4.170340941640524,2.8213776248693465,3.378532094473917,6.907838394041128,3.339035229553889
162,7.177011672258377,4.2036570604702685,3.1040644443035124,4.060297419109112,6.9105301268233,3.3366855217013858
163,7.227106468677521,4.235056936054429,3.0351486349105836,3.962715843105985,6.913695890241843,3.3336701528334776
164,7.363204228878021,4.290735971622424,3.2405145967006685,4.34148899196717,6.918190973628205,3.3327385972721495
165,7.2331583631038665,4.291211491355113,3.107978091835976,4.174911317398709,6.921340647522961,3.3304909922177877
166,7.44075807929039,4.417504632236942,3.058111158013344,4.09806521910669,6.926534821840636,3.327767193875743
167,7.425546636581421,4.444208985825745,3.058249109387398,4.03710696996883,6.931524939988043,3.3250720130308595
168,7.475109164714813,4.444105334608016,3.0118795067071913,3.9503227800057705,6.936960782235311,3.321940087967623
169,7.660721892118454,4.5794859019325,2.971663683652878,3.8638076854624743,6.944198393334142,3.3184373239244755
170,7.607467265129089,4.52350370243092,2.96865894138813,3.777947161229401,6.950831082052092,3.314939540099112
171,7.570577100515366,4.49362405468627,2.9151314270496367,3.6681142089641425,6.957028542236725,3.3109414589686175
172,7.719857578277588,4.64417111708998,2.9107196766138075,3.5789325902869376,6.964656832597134,3.3069392411450695
173,7.483835127353668,4.437804958897836,2.866404339671135,3.4860303813298352,6.9698486155446995,3.3025338921303304
174,7.297375677824021,4.270459321341806,2.750575992465019,3.3245334013588415,6.9731238861674925,3.2970143131336775
175,7.330585786104202,4.301821537814048,2.689837613105774,3.202377058154408,6.976698505166859,3.2909425461333988
176,7.3688901114463805,4.324715584264966,2.5966273337602614,3.046374165224524,6.980620421229655,3.2839993940096677
177,7.308816672563553,4.227532619423769,2.531050450205803,2.9213874188800313,6.983902383742993,3.2764699045716292
178,7.3947203874588014,4.367883207809191,2.4685806518793108,2.7991278777222455,6.9880105637801515,3.268391012044706
179,7.182837735414505,3.846545287770478,2.410066084265709,2.6812185120559606,6.989958835496495,3.259807762766916
180,7.097196093797684,3.6648426322247496,2.356742485165596,2.568963592049445,6.991031208079507,3.250777109990903
181,7.202246001958847,3.6473675026571852,2.3104367053508756,2.4640849568442853,6.9931433560183,3.2413737059445027
182,7.248501172065735,3.6846851100491764,2.273543067574501,2.370193891219519,6.995696934178775,3.231695399560803
183,7.151406930685043,3.6768769315819045,2.248793051838875,2.295297585375069,6.997254034143838,3.2218663760835837
184,7.091939327716827,3.6703034993306725,2.3125395607948303,2.448446081195041,6.998200887079568,3.2127731079306963
185,7.080671397447586,3.7148937922171035,2.405649383664131,2.581276816578053,6.999025592183248,3.2047018706880306
186,7.110028357505798,3.752979975612657,2.4164983975887298,2.6310543714629597,7.000135619836473,3.1968198359570374
187,7.1413762152194975,3.6821111421440325,2.3259046339988707,2.5166346209604376,7.001548025790304,3.1881106839374556
188,7.121423743963241,3.6123821992441494,2.287129533290863,2.463836202026291,7.002746782972033,3.1791008724309897
189,7.188246411085129,3.6154260561547806,2.253894112110138,2.4093778391064387,7.004601779253164,3.1698488048277813
190,7.025498032569885,3.4042564793621066,2.2263323318958284,2.3564711427385157,7.004810741786332,3.160413640098462
191,6.930310523509979,3.261463172278743,2.2560973846912384,2.348609369190826,7.0040657396035675,3.15137047754439
192,6.997763786315918,3.2643939628720235,2.243234733939171,2.3339954067887514,7.004002720070691,3.1422891201083374
193,6.995827822685242,3.3135959205814047,2.177836398482323,2.1952091554855455,7.003920971096837,3.1326445928920776
194,7.019625451564789,3.3602406880142315,2.14656016767025,2.12851799790575,7.004078015901516,3.122783748639859
195,7.137783358097076,3.443479476142363,2.109755821228027,2.0587757122662147,7.005415069323472,3.1126534693657404
196,7.190874742269516,3.4476867443873003,2.0874624282121657,2.0093979043149144,7.007269666052932,3.1024015589542047
197,7.202918150424957,3.5197049957200903,2.0437024027109145,1.9281993516721223,7.0092261508966525,3.0918145673917716
198,7.103205236196518,3.399859215750767,2.0014135992527007,1.8467302226140558,7.010165941749651,3.0809105577103812
199,7.027459421157837,3.4644271672179734,1.9630071210861206,1.7677329360577336,7.010338876543733,3.0697315233441382
200,7.1727954339981075,3.6341004500129452,1.9311472076177596,1.6967241723507838,7.011963442118277,3.0583456801868745
201,7.185388417243957,3.654716396231274,1.909165353178978,1.6454214637501208,7.013697691869533,3.0468538769167957
202,6.992581021785736,3.487099831682858,2.0171997702121733,2.2696843844171477,7.0134865251686955,3.0365573358497495
203,7.049277752637863,3.5547608599886105,2.083600813746452,2.4493820072477286,7.013844437443388,3.0270277706287168
204,7.166500244140625,3.7018922925938256,2.0879301935434342,2.4846688070268614,7.01537099551036,3.017636794857864
205,7.278986537456513,3.8046057971141587,2.154385408759117,2.7472294673074207,7.018007150929821,3.0090042809968764
206,7.267904778718949,3.998063617914441,2.2188005059957505,2.84399867910994,7.020506127207712,3.0011022432468653
207,7.0531208705902095,3.7422862508922115,2.3405778825283052,3.071861269055768,7.0208322746415375,2.9944969996396797
208,7.017772624492645,3.822905246363211,2.3652223348617554,3.06531061027114,7.020801678140049,2.9882042529919004
209,7.1331482756137845,3.9390863196240122,2.3237296682596207,3.018918279188894,7.021925144114786,2.9815595071445777
210,7.121726027727127,3.9414122856552307,2.28973758995533,2.9615440766907706,7.02292315295091,2.9746412879726853
211,7.146814924478531,4.041901282973047,2.2545463174581526,2.8935784404198355,7.024162070666187,2.96744033826754
212,7.120264157056808,3.7895301216146993,2.217537688612938,2.815436462427398,7.025123091530093,2.959941311770994
213,7.026332790851593,3.7986812833480776,2.1789149004220962,2.7281583455579024,7.025135188523308,2.952131047657505
214,7.040295408964157,3.832792447481092,2.140228843688965,2.6336969543245914,7.025286790727717,2.9440120256178197
215,7.064325736761093,3.847918668113684,2.104060664176941,2.5347226375771212,7.02567718018805,2.935612512003411
216,6.980569094419479,3.7487556083979436,2.0734187120199206,2.435845044795543,7.025226099330364,2.926990574003576
217,6.9502985060214995,3.806834137001113,2.0513326823711395,2.345221862335363,7.024476823397276,2.918233995087252
218,6.918397611379623,3.8412420138052736,2.0411525654792784,2.2774593146368565,7.023416031277099,2.9094631807911724
219,7.112554619312286,3.955518807216927,2.1464896541833878,2.3750560003650887,7.024307417157451,2.9018334455250945
220,7.102969743013382,3.981578709479682,2.1716942673921587,2.435173485276981,7.025094040416011,2.8945320537437653
221,7.131367815732956,4.024496790421986,2.17440895318985,2.454544242299589,7.02615677816918,2.887330822738226
222,7.184637882709503,4.101229797597018,2.165642911195755,2.4487241017674064,7.027741589214583,2.8801139436228014
223,7.014356352090836,3.921373369048571,2.2953623163700105,2.772692701942097,7.027607736843345,2.8742664273502734
224,6.6526197397708895,3.592727862608945,2.2785549610853195,2.742235954922032,7.023857856872621,2.868309312687624
225,6.672326868772506,3.6090597262381054,2.26910539329052,2.732524981207225,7.02034254699162,2.8623172734936526
226,6.68699576497078,3.6345060391690525,2.1988297158479693,2.597124052913121,7.0170090791714115,2.8556823979171955
227,6.708471413850784,3.662338034848624,2.172751373052597,2.5371377254498007,7.0139237025182055,2.8488530876685494
228,6.739067668914795,3.713292252504219,2.1516043919324876,2.4862045170878013,7.0111751421821715,2.8418806007111885
229,6.8225818026065825,3.8171717200408932,2.124375729560852,2.385141193883349,7.009289208786416,2.834705551999685
230,6.878454133272171,3.953815094156687,2.2020899176597597,2.5394179850170824,7.0079808580312735,2.828379395656286
231,6.872667464017868,4.0786786348059225,2.1664479941129686,2.4538503338437088,7.00662772409114,2.821760081640853
232,6.602733112573624,3.5769916489476667,2.2576059818267824,2.663960959929874,7.002588777975965,2.8161185406427127
233,6.613678562641144,3.5993208043992215,2.234257552027702,2.592824424347623,6.998699675822616,2.8102999307565626
234,6.586665608882904,3.6344120165459235,2.2227196913957594,2.5366999159689443,6.994579335153219,2.8044241283629545
235,6.493538136482239,3.535568955743736,2.2169491022825243,2.5148982450138817,6.989568923166509,2.7985493781021504
236,6.4480273628234865,3.4319408056716156,2.237787674665451,2.555006185124282,6.984153507563079,2.7929417610677834
237,6.420329666137695,3.4948091515226527,2.201995223760605,2.368012012770648,6.978515269148825,2.7870322956947113
238,6.4009091556072235,3.5166352011285107,2.233044148683548,2.4080991783267587,6.972739208013409,2.7814924142246
239,6.535552619695664,3.668463501953005,2.283616333603859,2.4257596916954496,6.9683673421302315,2.7765136534183927
240,6.573064551353455,3.6974388468735335,2.3130634385347366,2.4617953208037537,6.964414314222464,2.771879151269556
241,6.5914747166633605,3.837217025318698,2.34393312394619,2.555097808442351,6.960684918246873,2.7675996909963225
242,6.601470934152603,3.846186455236652,2.3353676348924637,2.4965371176192925,6.95709277840593,2.7632773704352838
243,6.617708557844162,3.8560219159703224,2.3428584682941436,2.455709340040841,6.953698936200313,2.7590731814138727
244,6.714534472227097,3.885696313350513,2.372634555697441,2.4569526725449986,6.951307291560581,2.7552087951567086
245,6.682896056175232,3.8051739694933784,2.4785297137498854,2.6592283278259052,6.948623179206727,2.7524420043426403
246,6.718032426834107,3.864710337962603,2.5466787618398667,2.687329189145765,6.946317271683001,2.7503843719176126
247,6.740609254837036,3.8622112374095243,2.615526194572449,2.8219058627046714,6.944260191514542,2.749035790144161
248,6.674880752563476,3.8553309606524344,2.6204171597957613,2.7913914951595657,6.9415663971250305,2.747749603840677
249,6.675034147500992,3.873289056697309,2.663932176232338,2.8939053001839947,6.93890107462879,2.746911429564593
250,6.727540284395218,3.899539689120416,2.6655987352132797,2.9247169031391453,6.936787466726455,2.74609830262108
251,6.794923223257065,3.9508872534287836,2.544795725941658,2.7383762027606733,6.935368824291761,2.744085276854286
252,6.902781698703766,4.110303973818473,2.5804622846841814,2.897491795578335,6.935042953035881,2.742449046932585
253,6.779052844047547,3.9640036951823445,2.592008135318756,2.844806140199851,6.933483051945998,2.7409446378164466
254,6.8595064508914945,3.994359995829038,2.5191644865274427,2.765704439370472,6.9327432859354525,2.7387268363035564
255,6.623990058898926,3.9239523198068755,2.465192584991455,2.68193315123188,6.929655753665087,2.7359914937904355
256,6.59404469370842,3.8731799841166463,2.5216299057006837,2.7816862465238996,6.92629964306552,2.7338478779095383
257,6.628643831014633,3.889784101331811,2.472086166739464,2.6919767799601466,6.923323084945011,2.7312302607978376
258,6.578026881217957,3.6680227305729423,2.4287196457386018,2.5990354273929666,6.91987012290774,2.7282051546472452
259,6.538637478351593,3.737737788947271,2.4608331900835037,2.5706821254682937,6.916057796462179,2.7255314350016078
260,6.612740087509155,3.8364737999662357,2.427275425195694,2.491015728662266,6.913024619372649,2.7225488749035485
261,6.503093854188919,3.6652574155714603,2.4079617184400557,2.4342941976779997,6.908925311720813,2.7194030033389134
262,6.387617883682251,3.5778068208586253,2.4774691981077193,2.658953944403237,6.903712237440427,2.7169836652866013
263,6.330768349170685,3.5198006074266805,2.4356463116407396,2.6839732898410213,6.897982798557729,2.714170291750143
264,6.324878796339035,3.5084740526748237,2.398267827630043,2.6206253271550817,6.892251758535542,2.711011267108942
265,6.308983733654022,3.5490622436666084,2.409816954135895,2.5739547009990207,6.8864190782867265,2.707999323979212
266,6.324150562286377,3.5507891571373027,2.395047804117203,2.5241389994880525,6.880796393126723,2.704869808780592
267,6.350884349346161,3.569035219291203,2.427385240197182,2.5024662549605328,6.875497272688918,2.7020949630947575
268,6.352271208763122,3.544823858534937,2.4836006021499633,2.6192088973072765,6.87026501204966,2.69991001948531
269,6.360008546113968,3.5685552340460918,2.5395124638080597,2.6353030826553643,6.865162447390302,2.6983060439285373
270,6.387183816432953,3.6116802217297157,2.533756926059723,2.5803944250045023,6.860382661080729,2.696660552749849
271,6.380600669384003,3.5583560541336805,2.5335375893116,2.550381131180521,6.855584841163761,2.6950293231154663
272,6.418617901802063,3.5717528939589887,2.548692826628685,2.568791569893321,6.851215171770144,2.6935659581505984
273,6.346986775398254,3.5368247277320806,2.637914302945137,2.8920967695570536,6.846172887806425,2.693009441598544
274,6.207168645858765,3.3829373145211425,2.546306989789009,2.7152058553621656,6.839782845386948,2.6915424170804485
275,6.388759564757347,3.57026194619414,2.507909731268883,2.6748077026597876,6.835272612580652,2.689706090222333
276,6.355138987898827,3.459795815502194,2.543413120508194,2.8214772151952916,6.830471276333833,2.6882431605251917
277,6.3564033496379855,3.465043461200341,2.432437531352043,2.6673402026017126,6.825730597066875,2.68568510423346
278,6.544086322784424,3.5691972209102554,2.378103405833244,2.593592338830255,6.822914154324051,2.682609287249458
279,6.572316380739212,3.6272132833021877,2.4224713575839996,2.665121603634048,6.820408176588202,2.680007907952803
280,6.591323227882385,3.693151588654676,2.3774130642414093,2.587521448386376,6.818117327101144,2.676981959515689
281,6.642203076481819,3.750077352135424,2.339835062623024,2.507626332918785,6.816358184594951,2.6736104905467624
282,6.471199637055397,3.227781580454474,2.312800999879837,2.4314789819256335,6.812906599119556,2.6700023956400933
283,6.4253290033340456,3.163702345298522,2.383324302434921,2.562676480946863,6.8090308231617005,2.667135614708042
284,6.4708059990406035,3.157480454848519,2.3734307104349135,2.528579378456859,6.80564857492049,2.6641985656653104
285,6.528726212382317,3.1710012083776236,2.3668078631162643,2.5182145238357023,6.8028793512951085,2.66122465863982
286,6.535444857478142,3.2158800579056783,2.403216381072998,2.6809358536819534,6.800205006356939,2.6586445758641517
287,6.627970857024192,3.318642871316005,2.3991314643621444,2.651789412566501,6.798482664863612,2.6560494447491316
288,6.462179297804832,3.3085794294820694,2.4143782550096513,2.672392938560187,6.795119631193025,2.653632732851737
289,6.45301296889782,3.4803202912235367,2.4369849801063537,2.7275472423970912,6.791698564570073,2.651466255324283
290,6.414686274528504,3.5723393185683747,2.4493029749393465,2.6764609777369084,6.787928441669657,2.649444622520434
291,6.459632140398026,3.6566751363114958,2.4435391187667848,2.6175966833499036,6.784645478656941,2.6473855674828974
292,6.5252643769979475,3.642275359787533,2.4152726846933366,2.550192031018142,6.782051667640351,2.6450644386550017
293,6.522009007930755,3.6352796595444383,2.417497932314873,2.4895463464203225,6.7794512410432555,2.6427887735916005
294,6.580048240423203,3.705397535199421,2.5162331598997114,2.716212929756789,6.7774572110370555,2.6415232174546817
295,6.64553316116333,3.723466328549023,2.4734722000360487,2.6523710637120863,6.7761379705383185,2.6398427072804953
296,6.733316007256508,3.744275947168469,2.434208016395569,2.593663103505735,6.7757097509055,2.637786360371646
297,6.754156939983368,3.8098344796110726,2.400722545981407,2.5511254646669106,6.775494222796278,2.6354157222277435
298,6.567625177502632,3.7249484401568553,2.413082456588745,2.545158345932351,6.773415532343342,2.6331923895713536
299,6.6200832051038745,3.74926734946663,2.3783563631772995,2.4603818612513955,6.771882209070947,2.630644029307413
300,6.645923016071319,3.7406054368216806,2.327789387702942,2.3766754705758717,6.770622617140951,2.6276154828913687
301,6.690464015007019,3.7383874201986793,2.283304370045662,2.2968182925725,6.769821031119611,2.6241723717629113
302,6.698514209389686,3.768568944153057,2.248451107740402,2.231369237363863,6.769107962902312,2.620415159122686
303,6.773277272582054,3.8078734925601787,2.226789585351944,2.2006199698907536,6.769149655999109,2.6164789033849787
304,6.822967308163643,3.866578644214861,2.2229945814609526,2.2421614375580217,6.769687832520754,2.6125440601657384
305,6.812658870816231,3.834195252651038,2.204665432572365,2.1508950286425756,6.770117542903709,2.608465273889805
306,6.774148302078247,3.7241901974197567,2.232204509973526,2.2584724374879244,6.770157850495454,2.6047026662506423
307,6.769097117781639,3.737224031418677,2.18195786356926,2.187054781778153,6.770147243168315,2.600475218223828
308,6.804372164607048,3.7878256944649773,2.252475470304489,2.372135427445302,6.770489492382702,2.5969952207446347
309,6.846414293646813,3.8212848371811523,2.208074860572815,2.3075820026590774,6.771248740395343,2.593106017142916
310,6.874253928661346,3.825638654396241,2.166455245614052,2.2414969762479497,6.772278792278003,2.5888395094276277
311,6.931000847816467,3.8497662162817363,2.146918499469757,2.1976193004316182,6.773866012833388,2.584420299328049
312,6.964241745471955,3.865240649964819,2.1325880026817323,2.141778464295091,6.775769770159774,2.579901976361586
313,6.974824646115303,3.777601606318688,2.085643843412399,2.0682346485753014,6.777760318919329,2.574959395032094
314,6.93465371131897,3.74321912491129,2.0398087561130525,1.990684837353298,6.7793292528433255,2.5696078886429032
315,6.947657370567322,3.765616646886624,2.117235804796219,2.2170819371122454,6.781012534020565,2.5650841678044367
316,6.885547164678574,3.8042286890878514,2.078049759864807,2.1505453933303293,6.782057880327145,2.5602138237250407
317,6.82829895734787,3.832742637901805,2.156035988330841,2.3211220235569163,6.782520291097353,2.556172045371099
318,6.976735732555389,3.8516145525592083,2.1366632091999054,2.281016085368998,6.784462445511934,2.551976957009387
319,7.024308234453201,3.8437045055481907,2.133437607884407,2.275348290844544,6.786860903401346,2.547791563518137
320,7.088808637857437,3.8534687776584935,2.130240599513054,2.29909289192222,6.789880380745907,2.543616053878086
321,7.213741397857666,3.9052886755327076,2.081616197824478,2.2117380404870217,6.794118990917024,2.53899605531755
322,7.258971939086914,3.899233859378111,2.0668175667524338,2.2117784847823057,6.798767520398723,2.534274270431899
323,7.290858319997787,3.9098155235394905,2.1684396505355834,2.492725226161785,6.803688428394714,2.5306159242329356
324,7.277716162204743,3.910816893279356,2.1482308393716814,2.4468531913727833,6.808428705732814,2.526792073384323
325,7.264076828956604,3.9146390306311485,2.0792717719078064,2.3547474946272473,6.812985186965052,2.5223168703695578
326,7.110271623134613,3.7539514030952916,2.133122671842575,2.387469045353778,6.8159580513267475,2.518424928384288
327,7.1342261230945585,3.78984490340314,2.097225173711777,2.317711765952242,6.819140732044426,2.514212930837563
328,7.087826180458069,3.800883480034943,2.0606967395544054,2.244706203521258,6.8218275865285625,2.5096777689247314
329,7.0158988970518115,3.857327445139009,2.024375120997429,2.1710149772972502,6.8237682996337945,2.5048247424454586
330,6.991019521951675,3.8304330026151763,1.9896013951301574,2.1017116579206694,6.825440811856974,2.4996725089723055
331,7.045215231180191,3.8663866752592866,1.958556810617447,2.047186389772241,6.827638556050206,2.4942613519887566
332,7.368166075944901,4.188775940487024,2.0110378426313402,2.130814996138271,6.833043831249154,2.4894291168951823
333,7.426779704093933,4.219693127704967,1.9974411398172378,2.1719307874479656,6.838981189977602,2.484509237124403
334,7.507821859121322,4.272365916610665,1.9828730392456055,2.2202790964872348,6.8456695966690395,2.479492875145615
335,7.554710266590118,4.305864942313787,1.953017464876175,2.1557036513596075,6.85276000336825,2.4742281210429207
336,7.610927743315696,4.2901051197363795,1.9676645970344544,2.1534613276901826,6.860341680767724,2.4691624858028356
337,7.598476596474647,4.280430494849873,2.076624791622162,2.3402672317131614,6.867723029924793,2.465237108861029
338,7.635569143891335,4.28450617329412,2.2018507361412047,2.546406937338929,6.8754014910644585,2.462603245133831
339,7.4673215878009795,4.234390524446096,2.1799625658988955,2.496472109054251,6.8813206920318235,2.4597768383414818
340,7.551871408820152,4.31795406166181,2.161134105324745,2.4444275599472385,6.8880261991997065,2.4567904110113146
341,7.387137817144394,4.002501543784417,2.222362242937088,2.4778908679315297,6.893017315379153,2.4544461293305724
342,7.352434285879135,4.004367853427819,2.209055769443512,2.428882404445395,6.897611485084153,2.4519922257317015
343,7.31703477025032,4.080543983023606,2.228609387278557,2.3988649591488063,6.901805717935814,2.4497583973471704
344,7.3905160176754,4.198255015207964,2.223727226257324,2.3933949764454847,6.906692820933211,2.4474980856362722
345,7.295572421550751,4.149445082846164,2.1510733449459076,2.216415417816987,6.910581616939386,2.4445338382293684
346,7.209961371421814,4.11054130202432,2.1510651862621306,2.190314125018609,6.91357541448421,2.441599151709696
347,7.19823053240776,4.190070387775119,2.187072288990021,2.2678800565686825,6.916421965663446,2.439053883082499
348,7.228253356218338,4.264824145045763,2.1376376080513,2.1882645617888437,6.919540279568994,2.436039720332187
349,7.009737324714661,3.9304938159387857,2.0898653960227964,2.106428908526379,6.920442250020451,2.432577977089093
350,7.050987914800644,3.9541238377025265,2.045541387796402,2.022887001871645,6.921747706668253,2.428707611196166
351,6.924902251958847,3.926867876649382,1.988137875199318,1.9208135089035137,6.9217792521211585,2.424301913836197
352,7.068124122619629,4.018643911344179,1.9564759689569473,1.8430481363963522,6.923242700826144,2.419623654387405
353,6.938055111169815,4.001949397770367,1.9971228682994842,2.0017722882661544,6.923390824929581,2.4153986465265254
354,6.828450527191162,3.9784690974857657,1.9619930136203765,1.9306335495557667,6.922441421952197,2.410864590197464
355,6.760787842273712,3.9849264049279243,1.9506897509098053,1.8857173606566857,6.920824886155412,2.4062628418045873
356,6.782269756793976,4.005292185405729,1.9646884787082672,1.8514280041222404,6.9194393348617975,2.401847098173624
357,6.819655976295471,4.030569367684415,1.9798220366239547,1.8627773923855782,6.918441501276134,2.3976268475581275
358,6.767208956480026,4.046479622173243,2.0287266904115677,1.9619561299239727,6.916929175828173,2.3939378459866623
359,6.88038050532341,4.061638010299801,1.9915448868274688,1.9052332597503179,6.916563689123125,2.3899139163950704
360,6.811167017221451,4.173027728995715,2.037780544757843,1.989309110369934,6.915509722404108,2.386392582678698
361,6.832986972332001,4.211674899852024,2.004955176115036,1.9393119011295206,6.914684494903387,2.382578208613061
362,6.79192236661911,4.24580877608024,1.9766640830039979,1.892781057568745,6.913456873620544,2.3785190673569705
363,6.701485574245453,4.26459605212075,1.9547124165296554,1.856761849778957,6.911337160626793,2.3742810008486974
364,6.651507796049118,4.227958070626666,1.9413520681858063,1.84652007770716,6.908738866981016,2.3699517115220687
365,6.594564880132675,4.198029707130437,1.9266786557435989,1.8386650754673832,6.905597127112533,2.3655189809642843
366,6.450338222980499,4.2244960225522785,1.9025723308324813,1.7806555953808885,6.901044538071213,2.3608895144629662
367,6.419079133868218,4.201196283209783,1.886911912560463,1.7261869955835079,6.896224884029183,2.356149738443941
368,6.381870079636574,4.2776632612633625,2.059732351899147,2.0790366553969317,6.891081335985258,2.353185564578493
369,6.253820303082466,4.259002440648587,2.034223266839981,2.0394129390976468,6.88470872565623,2.349995941601108
370,6.239300690889358,4.299614504044797,2.020945733189583,2.0050608196148607,6.878254645308561,2.3467054395169926
371,6.2457727015018465,4.351611535788701,2.175593503713608,2.2305399053075154,6.8719298258704935,2.3449943201589587
372,6.289149070978165,4.3003434034628025,2.1558892905712126,2.1891113271144644,6.866102018321571,2.3431032698630814
373,6.12367547750473,3.60050584275922,2.141344617009163,2.1515484830846003,6.858677752913402,2.341085683334542
374,6.047328993082046,3.5297609907176284,2.1349686324596404,2.131771575767733,6.850564265315088,2.339024512825793
375,6.071217268705368,3.5535472999139373,2.1400834876298904,2.153653461249356,6.842770795348991,2.337035102573834
376,6.00112281024456,3.5207253149469833,2.2452885520458223,2.5521651129358767,6.834354315497946,2.336117637068554
377,5.947265295982361,3.554682137404178,2.211193653345108,2.524026095395326,6.8254834253027905,2.3348683972313196
378,6.029429552555084,3.584951267195625,2.1714948999881742,2.4748092696610926,6.817522886575313,2.3332346622588878
379,6.031820119619369,3.628483236256049,2.1337381625175476,2.421873835340228,6.8096658589057535,2.3312396972614744
380,6.079208646416664,3.6790889365071138,2.2084449702501296,2.5158225056533734,6.8023612867808625,2.3300117499913613
381,6.030707908272743,3.7860089850703758,2.1790849763154982,2.457373082662757,6.794644752995781,2.3285024822546028
382,6.109443356394768,3.729941925899008,2.1847627389431,2.3999411066081864,6.787792739029771,2.3270650848214873
383,6.038676674365997,3.4889659675101248,2.1779529678821565,2.340003261699059,6.780301578383133,2.325573963652094
384,5.95101887345314,3.419227749662091,2.26893661737442,2.4009790460968925,6.772008751333833,2.3250075901893172
385,5.808392236232757,3.1922556259063266,2.397576544880867,2.565469024395192,6.762372586182822,2.325733279736233
386,5.845011566877365,3.20229548848713,2.4006451278924943,2.542830098997744,6.7531989759897675,2.3264823982177956
387,5.962034850120545,3.33710967868059,2.4027134066820146,2.5095976768763215,6.745287334731075,2.327244708302438
388,6.007035707831383,3.3880538858797467,2.4114636546373367,2.4854135667342234,6.737904818462078,2.328086897765787
389,5.882439812421799,3.3452855241789043,2.4836749351024627,2.695560227606524,6.729350168401676,2.3296427781391538
390,5.881327284574509,3.3401778356275194,2.5121557861566544,2.7319034312293105,6.720869939563404,2.331467908219329
391,5.905855724215508,3.3467322939258835,2.5198202526569364,2.755393708084072,6.7127197974099255,2.333351431663705
392,5.8607325112819675,3.3647987322395063,2.4938153046369553,2.6802759081570136,6.704199924548646,2.3349560703934378
393,5.929829571247101,3.44110661840036,2.4926217514276505,2.674686406317919,6.69645622101563,2.33653272720378
394,6.089484810829163,3.659408336053712,2.5365424931049345,2.8165031230296753,6.690386506913765,2.3385328248627912
395,5.871277487277984,3.396413842387437,2.5151872557401656,2.776300618957562,6.682195416717407,2.340299369171565
396,5.854903724193573,3.354147904167928,2.554302929639816,2.855999071049884,6.67392249979217,2.3424394047762473
397,5.8663147509098055,3.3456554873355913,2.6244778233766555,2.946365051510149,6.665846422303346,2.3452597889622515
398,6.037301903963089,3.5096976640759285,2.600275095105171,2.8910685381433687,6.659560977119943,2.3478099420236807
399,6.081417036056519,3.5205836122219236,2.5578722697496414,2.829311731435164,6.653779537709309,2.3499105653009402
400,6.099807940721512,3.5201622872922296,2.510659070611,2.7559667745922827,6.648239821739431,2.3515180503540405
401,6.130380250215531,3.5231769663828265,2.465501063466072,2.6777166859036843,6.643061226024192,2.352657880485161
402,6.21842307806015,3.569226819676377,2.571911782622337,2.983343753721728,6.638814844544552,2.354850419506533
403,6.231879229545593,3.5609108695837244,2.641898299455643,2.9832900369418587,6.634745488394563,2.3577208983060243
404,6.166389502286911,3.50504618879398,2.6007555985450743,2.9140262081706396,6.630061928533486,2.360151245308415
405,6.149303957223892,3.4568835046771373,2.6392260545492174,2.973795662518043,6.62525434882039,2.362941993400823
406,6.144043316841126,3.449292057020599,2.6591819596290587,2.9465173058956684,6.620442238500598,2.3659043930631056
407,6.209816241264344,3.4627228426649315,2.661213955283165,2.9224597030118415,6.616335978528235,2.368857488685306
408,6.254028828144073,3.4909436567343177,2.650962333679199,2.9316836519405225,6.6127129070243935,2.371678537135245
409,6.2145919436216355,3.4153734107485065,2.668455184698105,2.9206383450373483,6.608731697390366,2.374646303610873
410,6.302865570187569,3.3944196139799834,2.7498011875152586,2.939488229914676,6.605673036118338,2.378397852449917
411,6.273983145952225,3.361619960507086,2.735019499659538,2.8973146884602086,6.602356137216677,2.3819640689220134
412,6.308697320222855,3.376415483941647,2.7382103288173676,2.899898748404669,6.599419549046738,2.3855265315209673
413,6.4289675867557525,3.4844843686246985,2.873380030989647,3.152811639602752,6.597715029423829,2.390405066515654
414,6.436348452568054,3.4085805142932615,2.85668215572834,3.1009571795896753,6.59610136365527,2.3950678374077814
415,6.4852758604288105,3.4310879060768538,2.8264399564266203,3.024786378613018,6.594993108623005,2.3993815585979696
416,6.540333970785141,3.4647994121859647,2.8087622261047365,2.955388981357906,6.594446517244626,2.4034753652730374
417,6.591056062579155,3.4694873259604413,2.8080381935834886,2.9103619493830064,6.594412612697972,2.407520993556142
418,6.602352968454361,3.49359667424567,2.9088361072540283,3.078010869333343,6.594492016255535,2.412534144693121
419,6.560899826288224,3.508520712967026,2.9354496574401856,3.0620440833509006,6.594156094355863,2.4177632998205913
420,6.643127909302711,3.5779796434565525,2.8752450448274613,2.9232424845459453,6.594645812505331,2.42233811727066
421,6.594421869516372,3.655111072110181,2.926715875864029,3.013921756801639,6.594643573075442,2.4273818948565937
422,6.566652129888535,3.6938188404734356,2.9478700906038284,2.953621979530974,6.594363658643572,2.432586776814066
423,6.5133147776126865,3.6442158889622815,2.930825001001358,2.921761489091542,6.593553169833263,2.437569159055939
424,6.571630221009254,3.745854003299514,2.881266722679138,2.8271464915090014,6.593333940345023,2.442006134692171
425,6.447819302678108,3.52422648891121,2.9236575454473495,2.856296824187427,6.591878793968354,2.4468226487997224
426,6.541254522204399,3.5123789459384542,2.8707248121500015,2.781469643853282,6.591372551250714,2.451061670433225
427,6.69296365737915,3.540113137176002,2.7854978156089785,2.669489150714523,6.592388462311999,2.4544060318849827
428,6.743706204891205,3.5684950849947237,2.714241364598274,2.573453539576404,6.5939016397377905,2.4570043852121155
429,6.738582901358605,3.6086506765123803,2.6471753495931627,2.4739804921075077,6.595348452353999,2.458906094855926
430,6.740462507605553,3.6000573308509893,2.586932533979416,2.372625673917953,6.596799592906515,2.460186359247161
431,6.589863950014115,3.5485831057361303,2.5364142167568207,2.273855404172575,6.596730236477591,2.4609486378222574
432,6.469151214957237,3.480292762477007,2.4987388819456102,2.1882591588863383,6.595454446262388,2.461326540263491
433,6.434856923818589,3.376985760521184,2.6301183611154557,2.5555693806614763,6.59384847103795,2.4630144584720104
434,6.416631898880005,3.3329851180800523,2.627700750827789,2.575185314186496,6.592076305316371,2.4646613213955684
435,6.4738327205181125,3.3878929666024997,2.538520709872246,2.4741211908229035,6.590893869468388,2.465399915280335
436,6.479609332084656,3.360996625101185,2.4913266307115554,2.421696633036433,6.589781024094551,2.4656591824346474
437,6.507404628992081,3.4683332847439297,2.4604192703962324,2.402640294126017,6.588957260143525,2.465606783314263
438,6.240943149328232,3.142924956023325,2.4930686366558077,2.4608594125235603,6.585477119035373,2.4658814018476787
439,6.260303395986557,3.216122454557821,2.440378320813179,2.404391060974823,6.582225381804884,2.4656263710373336
440,6.0560149776935575,2.9528682182362727,2.3904651725292205,2.3450017303276636,6.57696327776377,2.4648747590522526
441,6.077668833732605,2.9855285409819943,2.344347528219223,2.282747967778099,6.571970333323459,2.4636694867439224
442,6.150593950748443,3.0385944285649105,2.304068522453308,2.22134132113295,6.567756569497709,2.462073477101016
443,6.11869668006897,3.0509784955072186,2.2958794122934343,2.207715288229846,6.563265970603421,2.4604115364529404
444,6.241055094003677,3.104585475010157,2.2626489543914796,2.166475874309285,6.560043861837423,2.458433910632326
445,6.250217418670655,3.1195609755566496,2.2406092709302903,2.165731294638936,6.556945597405755,2.4562556642353055
446,6.2133135259151455,3.1405247214360155,2.1542949473857878,1.9840759943741269,6.553509276690849,2.4532360570668104
447,6.210871101617813,3.155434411745138,2.120889673233032,1.9229368778723421,6.550082894940118,2.4499125932284724
448,6.216859797239303,3.175907569167354,2.098303643465042,1.8920206086516147,6.54675066396311,2.4463965037308384
449,6.254466962814331,3.1618689421791673,2.111643307209015,1.937088199660611,6.543827826951621,2.4430489717656205
450,6.1604647731781,3.182427385569553,2.086144890189171,1.8916376057080808,6.539994196413886,2.439479930949856
451,6.243467534780502,3.297152032339713,2.0694754511117934,1.8724063525032562,6.537028929797552,2.435779886151475
452,6.202384263873101,3.3514480526195416,2.1944568836688996,2.196637883515664,6.533682483138308,2.433366656126649
453,6.275290582776069,3.4636086652341103,2.1721348613500595,2.160144067381904,6.531098564134686,2.430754338178883
454,6.382432862520218,3.5881869113722376,2.2241895616054537,2.2058672760610176,6.529611907118541,2.4286886904131486
455,6.413382185101509,3.6447353845984427,2.2150836950540542,2.174126463213313,6.52844960989837,2.426552640459558
456,6.4592278504371645,3.7452275264156882,2.2210374051332473,2.168489622977005,6.527757392303759,2.4244974881062946
457,6.5089050853252415,3.7981373190480023,2.3198600405454637,2.442935115691915,6.527568869233973,2.423451113630686
458,6.555736610293389,3.8435384545724363,2.3245475202798844,2.4628905631075306,6.527850546644568,2.4224620776971784
459,6.650452637672425,3.9389033416992154,2.279037114977837,2.366731172669562,6.5290765675548466,2.421027828069985
460,6.59863932132721,3.931549460247824,2.398806766867638,2.8611231495401106,6.52977219509257,2.4208056174579617
461,6.648858565688133,3.993748987969208,2.4034939795732497,2.879471886065738,6.530963058798526,2.420632501079115
462,6.576321358680725,4.038302660729342,2.366054093241692,2.8509115788698955,6.531416641797348,2.420086717000741
463,6.401773010492325,3.9037975136563245,2.342180798649788,2.8010690639893183,6.530120205484297,2.4193076578172317
464,6.431679790019989,3.909144055642126,2.3270569241046903,2.765287407062116,6.529135801329654,2.4183851504801064
465,6.2471739304065705,3.7228570886109242,2.24486569583416,2.68409833236494,6.526316182620423,2.416649955933647
466,6.133366779088974,3.711838051292242,2.1755877697467803,2.5844206245883474,6.522386688585108,2.414239334071778
467,6.0891435122489925,3.6024415479373872,2.131032383441925,2.504522839734736,6.518054256821746,2.41140726456548
468,6.044230887293816,3.4916274671813508,2.0971444433927537,2.418805809755519,6.513316023126467,2.4082646363537528
469,6.072478821277619,3.48426319468187,2.061653014421463,2.3336193323776797,6.508907651107978,2.4047985201344297
470,6.122833204269409,3.4813071571812406,2.053518882393837,2.259978548712331,6.505046906639593,2.4012857237570238
471,6.287484748363495,3.6502756121580195,2.121293367743492,2.4348096518228943,6.502871285056832,2.3984858001968887
472,6.4762476307153705,3.727433904980667,2.1728434562683105,2.4739210913360097,6.502605048513417,2.396229376757603
473,6.575114099979401,3.8108437493818643,2.2628626441955566,2.695757916443602,6.503330139028077,2.3948957094319825
474,6.599632018208504,3.8497163555898872,2.2331434339284897,2.6456377696086113,6.504293157819882,2.3932781866769477
475,6.533582683205605,3.876628496578767,2.2123960012197497,2.608001937912078,6.50458605307374,2.3914693648223757
476,6.480976737141609,3.8934149597173215,2.203100856542587,2.5967385821851225,6.5043499599144186,2.389585679739578
477,6.49246509552002,3.9262678825101873,2.1608727490901947,2.500805023214782,6.5042311112704745,2.387298550433084
478,6.523448438048363,3.960653140864661,2.1432031244039536,2.4466877400812796,6.5044232845382535,2.3848575961727927
479,6.422087422013282,3.9086631505588243,2.1350376451015474,2.408108877772726,6.5035999259130035,2.3823593966620806
480,6.411640152931214,3.94685247135118,2.16275940656662,2.4750606280868377,6.502680328183185,2.3801633967611258
481,6.532789406776428,3.9834084173472135,2.1532927417755126,2.459289587963968,6.502981418969118,2.3778946902112694
482,6.589170002937317,4.071890322722134,2.1745736134052276,2.52689464130287,6.503843304808799,2.375861479443209
483,6.600578145384788,4.014072557112811,2.161031278967857,2.56340336490586,6.504810653214559,2.3737131774384554
484,6.654808607697487,4.052768035681777,2.2505285012722016,2.5987388879469853,6.506310632759388,2.372481330676793
485,6.713764891624451,4.078131477968382,2.2682745063304903,2.5573901545810385,6.508385175348039,2.3714392624333303
486,6.868138419389725,4.150694065205613,2.248152501583099,2.503702985267724,6.511982707788455,2.370206394824828
487,6.786812375783921,4.1833902299784755,2.236909912824631,2.4591056942237226,6.51473100446841,2.368873430004826
488,6.867402201890945,4.269970711723095,2.248749489784241,2.466673909755082,6.518257716442636,2.3676721906026206
489,6.779879652261734,4.120989575960024,2.2365738159418105,2.419525882535696,6.520873935800827,2.3663612068560127
490,6.799877632856369,4.186182898756136,2.2344368904829026,2.3964470394173407,6.523663972771382,2.3650419636922813
491,6.8981818616390225,4.302920045741884,2.2939100396633147,2.5653191298385623,6.527409151660058,2.3643306444519916
492,6.9018628680706025,4.154657294018175,2.2632266426086427,2.4959505186914064,6.531153688824164,2.363319604433558
493,6.909933382272721,4.225433979884514,2.237624841928482,2.4243940581560532,6.534941485758649,2.362062656808507
494,6.8410388386249545,4.222121015614829,2.3552866196632385,2.6122932719592633,6.538002459287312,2.361994896437054
495,6.921068257093429,4.281567498928162,2.3300519186258315,2.5436362361497813,6.541833117265373,2.3616754666589417
496,7.022456246614456,4.3819778100670845,2.3132848924398424,2.4821404498604216,6.546639348558863,2.3611915609167506
497,6.965082272291183,4.358056074803433,2.391196658611298,2.5039324651767174,6.550823777796187,2.361491611893696
498,6.937784990072251,4.382646732834267,2.346494138240814,2.4311797160107487,6.554693389918947,2.3613416371571674
499,6.915031716823578,4.49107231407718,2.3038397312164305,2.355880498582932,6.558296773187994,2.36076661809776
