step,rl_mean,rl_std,rl_ema,baseline_mean,baseline_std,baseline_ema,pid_mean,pid_std,pid_ema
0,0.0,0.0,0.0,0.0,0.0,0.0,0.0,0.0,0.0
1,1.0,0.0,0.010000000000000009,1.0,0.0,0.010000000000000009,1.0,0.0,0.010000000000000009
2,2.0,0.0,0.029900000000000027,2.0,0.0,0.029900000000000027,2.0,0.0,0.029900000000000027
3,3.0,0.0,0.05960100000000006,3.0,0.0,0.05960100000000006,3.0,0.0,0.05960100000000006
4,4.0,0.0,0.0990049900000001,4.0,0.0,0.0990049900000001,4.0,0.0,0.0990049900000001
5,5.0,0.0,0.14801494010000016,5.0,0.0,0.14801494010000016,5.0,0.0,0.14801494010000016
6,6.0,0.0,0.20653479069900021,6.0,0.0,0.20653479069900021,6.0,0.0,0.20653479069900021
7,7.0,0.0,0.27446944279201024,7.0,0.0,0.27446944279201024,7.0,0.0,0.27446944279201024
8,8.0,0.0,0.35172474836409023,8.0,0.0,0.35172474836409023,8.0,0.0,0.35172474836409023
9,9.0,0.0,0.4382075008804494,9.0,0.0,0.4382075008804494,9.0,0.0,0.4382075008804494
10,10.0,0.0,0.533825425871645,10.0,0.0,0.533825425871645,10.0,0.0,0.533825425871645
11,11.0,0.0,0.6384871716129287,11.0,0.0,0.6384871716129287,11.0,0.0,0.6384871716129287
12,12.0,0.0,0.7521022998967994,12.0,0.0,0.7521022998967994,12.0,0.0,0.7521022998967994
13,13.0,0.0,0.8745812768978316,13.0,0.0,0.8745812768978316,13.0,0.0,0.8745812768978316
14,14.0,0.0,1.0058354641288534,14.0,0.0,1.0058354641288534,14.0,0.0,1.0058354641288534
15,15.0,0.0,1.145777109487565,15.0,0.0,1.145777109487565,15.0,0.0,1.145777109487565
16,16.0,0.0,1.2943193383926896,16.0,0.0,1.2943193383926896,16.0,0.0,1.2943193383926896
17,17.0,0.0,1.451376145008763,17.0,0.0,1.451376145008763,17.0,0.0,1.451376145008763
18,18.0,0.0,1.6168623835586755,18.0,0.0,1.6168623835586755,18.0,0.0,1.6168623835586755
19,19.0,0.0,1.790693759723089,19.0,0.0,1.790693759723089,19.0,0.0,1.790693759723089
20,20.0,0.0,1.9727868221258582,20.0,0.0,1.9727868221258582,20.0,0.0,1.9727868221258582
21,21.0,0.0,2.1630589539046,21.0,0.0,2.1630589539046,21.0,0.0,2.1630589539046
22,22.0,0.0,2.3614283643655543,22.0,0.0,2.3614283643655543,22.0,0.0,2.3614283643655543
23,23.0,0.0,2.5678140807218988,23.0,0.0,2.5678140807218988,23.0,0.0,2.5678140807218988
24,24.0,0.0,2.78213593991468,24.0,0.0,2.78213593991468,24.0,0.0,2.78213593991468
25,25.0,0.0,3.0043145805155334,25.0,0.0,3.0043145805155334,25.0,0.0,3.0043145805155334
26,26.0,0.0,3.234271434710378,26.0,0.0,3.234271434710378,26.0,0.0,3.234271434710378
27,27.0,0.0,3.471928720363274,27.0,0.0,3.471928720363274,27.0,0.0,3.471928720363274
28,28.0,0.0,3.7172094331596415,28.0,0.0,3.7172094331596415,28.0,0.0,3.7172094331596415
29,29.0,0.0,3.970037338828045,29.0,0.0,3.970037338828045,29.0,0.0,3.970037338828045
30,30.0,0.0,4.230336965439765,30.0,0.0,4.230336965439765,30.0,0.0,4.230336965439765
31,31.0,0.0,4.498033595785368,31.0,0.0,4.498033595785368,31.0,0.0,4.498033595785368
32,32.0,0.0,4.773053259827515,32.0,0.0,4.773053259827515,32.0,0.0,4.773053259827515
33,33.0,0.0,5.05532272722924,33.0,0.0,5.05532272722924,33.0,0.0,5.05532272722924
34,34.0,0.0,5.344769499956948,34.0,0.0,5.344769499956948,34.0,0.0,5.344769499956948
35,35.0,0.0,5.6413218049573794,35.0,0.0,5.6413218049573794,35.0,0.0,5.6413218049573794
36,36.0,0.0,5.944908586907806,36.0,0.0,5.944908586907806,36.0,0.0,5.944908586907806
37,37.0,0.0,6.255459501038728,37.0,0.0,6.255459501038728,37.0,0.0,6.255459501038728
38,38.0,0.0,6.5729049060283415,38.0,0.0,6.5729049060283415,38.0,0.0,6.5729049060283415
39,39.0,0.0,6.897175856968059,39.0,0.0,6.897175856968059,39.0,0.0,6.897175856968059
40,40.0,0.0,7.228204098398379,40.0,0.0,7.228204098398379,40.0,0.0,7.228204098398379
41,41.0,0.0,7.5659220574143955,41.0,0.0,7.5659220574143955,41.0,0.0,7.5659220574143955
42,42.0,0.0,7.910262836840252,42.0,0.0,7.910262836840252,42.0,0.0,7.910262836840252
43,43.0,0.0,8.26116020847185,43.0,0.0,8.26116020847185,43.0,0.0,8.26116020847185
44,44.0,0.0,8.618548606387133,44.0,0.0,8.618548606387133,44.0,0.0,8.618548606387133
45,45.0,0.0,8.982363120323262,45.0,0.0,8.982363120323262,45.0,0.0,8.982363120323262
46,46.0,0.0,9.35253948912003,46.0,0.0,9.35253948912003,46.0,0.0,9.35253948912003
47,47.0,0.0,9.72901409422883,47.0,0.0,9.72901409422883,47.0,0.0,9.72901409422883
48,48.0,0.0,10.111723953286543,48.0,0.0,10.111723953286543,48.0,0.0,10.111723953286543
49,49.0,0.0,10.500606713753678,49.0,0.0,10.500606713753678,49.0,0.0,10.500606713753678
50,50.0,0.0,10.89560064661614,50.0,0.0,10.89560064661614,50.0,0.0,10.89560064661614
51,51.0,0.0,11.296644640149978,51.0,0.0,11.296644640149978,51.0,0.0,11.296644640149978
52,52.0,0.0,11.70367819374848,52.0,0.0,11.70367819374848,52.0,0.0,11.70367819374848
53,53.0,0.0,12.116641411810997,53.0,0.0,12.116641411810997,53.0,0.0,12.116641411810997
54,54.0,0.0,12.535474997692889,54.0,0.0,12.535474997692889,54.0,0.0,12.535474997692889
55,55.0,0.0,12.960120247715961,55.0,0.0,12.960120247715961,55.0,0.0,12.960120247715961
56,56.0,0.0,13.390519045238802,56.0,0.0,13.390519045238802,56.0,0.0,13.390519045238802
57,57.0,0.0,13.826613854786414,57.0,0.0,13.826613854786414,57.0,0.0,13.826613854786414
58,58.0,0.0,14.26834771623855,58.0,0.0,14.26834771623855,58.0,0.0,14.26834771623855
59,59.0,0.0,14.715664239076164,59.0,0.0,14.715664239076164,59.0,0.0,14.715664239076164
60,60.0,0.0,15.168507596685401,60.0,0.0,15.168507596685401,60.0,0.0,15.168507596685401
61,61.0,0.0,15.626822520718548,61.0,0.0,15.626822520718548,61.0,0.0,15.626822520718548
62,62.0,0.0,16.090554295511364,62.0,0.0,16.090554295511364,62.0,0.0,16.090554295511364
63,63.0,0.0,16.55964875255625,63.0,0.0,16.55964875255625,63.0,0.0,16.55964875255625
64,64.0,0.0,17.034052265030688,64.0,0.0,17.034052265030688,64.0,0.0,17.034052265030688
65,65.0,0.0,17.513711742380384,65.0,0.0,17.513711742380384,65.0,0.0,17.513711742380384
66,66.0,0.0,17.99857462495658,66.0,0.0,17.99857462495658,66.0,0.0,17.99857462495658
67,67.0,0.0,18.488588878707013,67.0,0.0,18.488588878707013,67.0,0.0,18.488588878707013
68,68.0,0.0,18.98370298991994,68.0,0.0,18.98370298991994,68.0,0.0,18.98370298991994
69,69.0,0.0,19.483865960020744,69.0,0.0,19.483865960020744,69.0,0.0,19.483865960020744
70,70.0,0.0,19.989027300420535,70.0,0.0,19.989027300420535,70.0,0.0,19.989027300420535
71,71.0,0.0,20.49913702741633,71.0,0.0,20.49913702741633,71.0,0.0,20.49913702741633
72,72.0,0.0,21.014145657142166,72.0,0.0,21.014145657142166,72.0,0.0,21.014145657142166
73,73.0,0.0,21.534004200570745,73.0,0.0,21.534004200570745,73.0,0.0,21.534004200570745
74,74.0,0.0,22.05866415856504,74.0,0.0,22.05866415856504,74.0,0.0,22.05866415856504
75,75.0,0.0,22.58807751697939,75.0,0.0,22.58807751697939,75.0,0.0,22.58807751697939
76,76.0,0.0,23.122196741809596,76.0,0.0,23.122196741809596,76.0,0.0,23.122196741809596
77,77.0,0.0,23.660974774391498,77.0,0.0,23.660974774391498,77.0,0.0,23.660974774391498
78,78.0,0.0,24.204365026647583,78.0,0.0,24.204365026647583,78.0,0.0,24.204365026647583
79,79.0,0.0,24.752321376381104,79.0,0.0,24.752321376381104,79.0,0.0,24.752321376381104
80,80.0,0.0,25.304798162617292,80.0,0.0,25.304798162617292,80.0,0.0,25.304798162617292
81,81.0,0.0,25.86175018099112,81.0,0.0,25.86175018099112,81.0,0.0,25.86175018099112
82,82.0,0.0,26.423132679181208,82.0,0.0,26.423132679181208,82.0,0.0,26.423132679181208
83,83.0,0.0,26.988901352389398,83.0,0.0,26.988901352389398,83.0,0.0,26.988901352389398
84,84.0,0.0,27.559012338865504,84.0,0.0,27.559012338865504,84.0,0.0,27.559012338865504
85,85.0,0.0,28.13342221547685,85.0,0.0,28.13342221547685,85.0,0.0,28.13342221547685
86,86.0,0.0,28.71208799332208,86.0,0.0,28.71208799332208,86.0,0.0,28.71208799332208
87,87.0,0.0,29.29496711338886,87.0,0.0,29.29496711338886,87.0,0.0,29.29496711338886
88,88.0,0.0,29.88201744225497,88.0,0.0,29.88201744225497,88.0,0.0,29.88201744225497
89,89.0,0.0,30.473197267832422,89.0,0.0,30.473197267832422,89.0,0.0,30.473197267832422
90,90.0,0.0,31.0684652951541,90.0,0.0,31.0684652951541,90.0,0.0,31.0684652951541
91,91.0,0.0,31.66778064220256,91.0,0.0,31.66778064220256,91.0,0.0,31.66778064220256
92,92.0,0.0,32.27110283578053,92.0,0.0,32.27110283578053,92.0,0.0,32.27110283578053
93,93.0,0.0,32.87839180742273,93.0,0.0,32.87839180742273,93.0,0.0,32.87839180742273
94,94.0,0.0,33.4896078893485,94.0,0.0,33.4896078893485,94.0,0.0,33.4896078893485
95,95.0,0.0,34.104711810455015,95.0,0.0,34.104711810455015,95.0,0.0,34.104711810455015
96,96.0,0.0,34.72366469235047,96.0,0.0,34.72366469235047,96.0,0.0,34.72366469235047
97,97.0,0.0,35.34642804542696,97.0,0.0,35.34642804542696,97.0,0.0,35.34642804542696
98,98.0,0.0,35.9729637649727,98.0,0.0,35.9729637649727,98.0,0.0,35.9729637649727
99,99.0,0.0,36.60323412732297,99.0,0.0,36.60323412732297,99.0,0.0,36.60323412732297
100,100.0,0.0,37.23720178604974,100.0,0.0,37.23720178604974,100.0,0.0,37.23720178604974
101,101.0,0.0,37.87482976818924,101.0,0.0,37.87482976818924,101.0,0.0,37.87482976818924
102,102.0,0.0,38.516081470507345,102.0,0.0,38.516081470507345,102.0,0.0,38.516081470507345
103,103.0,0.0,39.16092065580227,103.0,0.0,39.16092065580227,103.0,0.0,39.16092065580227
104,104.0,0.0,39.80931144924425,104.0,0.0,39.80931144924425,104.0,0.0,39.80931144924425
105,105.0,0.0,40.46121833475181,105.0,0.0,40.46121833475181,105.0,0.0,40.46121833475181
106,106.0,0.0,41.1166061514043,106.0,0.0,41.1166061514043,106.0,0.0,41.1166061514043
107,107.0,0.0,41.77544008989025,107.0,0.0,41.77544008989025,107.0,0.0,41.77544008989025
108,108.0,0.0,42.43768568899135,108.0,0.0,42.43768568899135,108.0,0.0,42.43768568899135
109,109.0,0.0,43.10330883210144,109.0,0.0,43.10330883210144,109.0,0.0,43.10330883210144
110,110.0,0.0,43.772275743780426,110.0,0.0,43.772275743780426,110.0,0.0,43.772275743780426
111,111.0,0.0,44.44455298634262,111.0,0.0,44.44455298634262,111.0,0.0,44.44455298634262
112,112.0,0.0,45.12010745647919,112.0,0.0,45.12010745647919,112.0,0.0,45.12010745647919
113,113.0,0.0,45.7989063819144,113.0,0.0,45.7989063819144,113.0,0.0,45.7989063819144
114,114.0,0.0,46.48091731809526,114.0,0.0,46.48091731809526,114.0,0.0,46.48091731809526
115,115.0,0.0,47.166108144914304,115.0,0.0,47.166108144914304,115.0,0.0,47.166108144914304
116,116.0,0.0,47.854447063465166,116.0,0.0,47.854447063465166,116.0,0.0,47.854447063465166
117,117.0,0.0,48.545902592830515,117.0,0.0,48.545902592830515,117.0,0.0,48.545902592830515
118,118.0,0.0,49.24044356690221,118.0,0.0,49.24044356690221,118.0,0.0,49.24044356690221
119,119.0,0.0,49.93803913123318,119.0,0.0,49.93803913123318,119.0,0.0,49.93803913123318
120,120.0,0.0,50.63865873992085,120.0,0.0,50.63865873992085,120.0,0.0,50.63865873992085
121,121.0,0.0,51.342272152521645,121.0,0.0,51.342272152521645,121.0,0.0,51.342272152521645
122,122.0,0.0,52.04884943099643,122.0,0.0,52.04884943099643,122.0,0.0,52.04884943099643
123,123.0,0.0,52.758360936686465,123.0,0.0,52.758360936686465,123.0,0.0,52.758360936686465
124,124.0,0.0,53.4707773273196,124.0,0.0,53.4707773273196,124.0,0.0,53.4707773273196
125,125.0,0.0,54.186069554046405,125.0,0.0,54.186069554046405,125.0,0.0,54.186069554046405
126,126.0,0.0,54.90420885850594,126.0,0.0,54.90420885850594,126.0,0.0,54.90420885850594
127,127.0,0.0,55.62516676992088,127.0,0.0,55.62516676992088,127.0,0.0,55.62516676992088
128,128.0,0.0,56.348915102221675,128.0,0.0,56.348915102221675,128.0,0.0,56.348915102221675
129,129.0,0.0,57.075425951199456,129.0,0.0,57.075425951199456,129.0,0.0,57.075425951199456
130,130.0,0.0,57.80467169168747,130.0,0.0,57.80467169168747,130.0,0.0,57.80467169168747
131,131.0,0.0,58.5366249747706,131.0,0.0,58.5366249747706,131.0,0.0,58.5366249747706
132,132.0,0.0,59.27125872502289,132.0,0.0,59.27125872502289,132.0,0.0,59.27125872502289
133,133.0,0.0,60.00854613777266,133.0,0.0,60.00854613777266,133.0,0.0,60.00854613777266
134,134.0,0.0,60.748460676394934,134.0,0.0,60.748460676394934,134.0,0.0,60.748460676394934
135,135.0,0.0,61.49097606963099,135.0,0.0,61.49097606963099,135.0,0.0,61.49097606963099
136,136.0,0.0,62.236066308934674,136.0,0.0,62.236066308934674,136.0,0.0,62.236066308934674
137,137.0,0.0,62.98370564584533,137.0,0.0,62.98370564584533,137.0,0.0,62.98370564584533
138,138.0,0.0,63.73386858938688,138.0,0.0,63.73386858938688,138.0,0.0,63.73386858938688
139,139.0,0.0,64.48652990349302,139.0,0.0,64.48652990349302,139.0,0.0,64.48652990349302
140,140.0,0.0,65.2416646044581,140.0,0.0,65.2416646044581,140.0,0.0,65.2416646044581
141,141.0,0.0,65.9992479584135,141.0,0.0,65.9992479584135,141.0,0.0,65.9992479584135
142,142.0,0.0,66.75925547882937,142.0,0.0,66.75925547882937,142.0,0.0,66.75925547882937
143,143.0,0.0,67.52166292404108,143.0,0.0,67.52166292404108,143.0,0.0,67.52166292404108
144,144.0,0.0,68.28644629480067,144.0,0.0,68.28644629480067,144.0,0.0,68.28644629480067
145,145.0,0.0,69.05358183185267,145.0,0.0,69.05358183185267,145.0,0.0,69.05358183185267
146,146.0,0.0,69.82304601353415,146.0,0.0,69.82304601353415,146.0,0.0,69.82304601353415
147,147.0,0.0,70.5948155533988,147.0,0.0,70.5948155533988,147.0,0.0,70.5948155533988
148,148.0,0.0,71.36886739786482,148.0,0.0,71.36886739786482,148.0,0.0,71.36886739786482
149,149.0,0.0,72.14517872388616,149.0,0.0,72.14517872388616,149.0,0.0,72.14517872388616
150,150.0,0.0,72.9237269366473,150.0,0.0,72.9237269366473,150.0,0.0,72.9237269366473
151,151.0,0.0,73.70448966728082,151.0,0.0,73.70448966728082,151.0,0.0,73.70448966728082
152,152.0,0.0,74.48744477060801,152.0,0.0,74.48744477060801,152.0,0.0,74.48744477060801
153,153.0,0.0,75.27257032290193,153.0,0.0,75.27257032290193,153.0,0.0,75.27257032290193
154,154.0,0.0,76.05984461967292,154.0,0.0,76.05984461967292,154.0,0.0,76.05984461967292
155,155.0,0.0,76.84924617347619,155.0,0.0,76.84924617347619,155.0,0.0,76.84924617347619
156,156.0,0.0,77.64075371174143,156.0,0.0,77.64075371174143,156.0,0.0,77.64075371174143
157,157.0,0.0,78.43434617462401,157.0,0.0,78.43434617462401,157.0,0.0,78.43434617462401
158,158.0,0.0,79.23000271287776,158.0,0.0,79.23000271287776,158.0,0.0,79.23000271287776
159,159.0,0.0,80.02770268574899,159.0,0.0,80.02770268574899,159.0,0.0,80.02770268574899
160,160.0,0.0,80.82742565889151,160.0,0.0,80.82742565889151,160.0,0.0,80.82742565889151
161,161.0,0.0,81.6291514023026,161.0,0.0,81.6291514023026,161.0,0.0,81.6291514023026
162,162.0,0.0,82.43285988827958,162.0,0.0,82.43285988827958,162.0,0.0,82.43285988827958
163,163.0,0.0,83.23853128939678,163.0,0.0,83.23853128939678,163.0,0.0,83.23853128939678
164,164.0,0.0,84.04614597650281,164.0,0.0,84.04614597650281,164.0,0.0,84.04614597650281
165,165.0,0.0,84.8556845167378,165.0,0.0,84.8556845167378,165.0,0.0,84.8556845167378
166,166.0,0.0,85.66712767157041,166.0,0.0,85.66712767157041,166.0,0.0,85.66712767157041
167,167.0,0.0,86.48045639485471,167.0,0.0,86.48045639485471,167.0,0.0,86.48045639485471
168,168.0,0.0,87.29565183090617,168.0,0.0,87.29565183090617,168.0,0.0,87.29565183090617
169,169.0,0.0,88.1126953125971,169.0,0.0,88.1126953125971,169.0,0.0,88.1126953125971
170,170.0,0.0,88.93156835947113,170.0,0.0,88.93156835947113,170.0,0.0,88.93156835947113
171,171.0,0.0,89.75225267587642,171.0,0.0,89.75225267587642,171.0,0.0,89.75225267587642
172,172.0,0.0,90.57473014911766,172.0,0.0,90.57473014911766,172.0,0.0,90.57473014911766
173,173.0,0.0,91.39898284762648,173.0,0.0,91.39898284762648,173.0,0.0,91.39898284762648
174,174.0,0.0,92.22499301915022,174.0,0.0,92.22499301915022,174.0,0.0,92.22499301915022
175,175.0,0.0,93.05274308895872,175.0,0.0,93.05274308895872,175.0,0.0,93.05274308895872
176,176.0,0.0,93.88221565806914,176.0,0.0,93.88221565806914,176.0,0.0,93.88221565806914
177,177.0,0.0,94.71339350148844,177.0,0.0,94.71339350148844,177.0,0.0,94.71339350148844
178,178.0,0.0,95.54625956647355,178.0,0.0,95.54625956647355,178.0,0.0,95.54625956647355
179,179.0,0.0,96.38079697080882,179.0,0.0,96.38079697080882,179.0,0.0,96.38079697080882
180,180.0,0.0,97.21698900110073,180.0,0.0,97.21698900110073,180.0,0.0,97.21698900110073
181,181.0,0.0,98.05481911108973,181.0,0.0,98.05481911108973,181.0,0.0,98.05481911108973
182,182.0,0.0,98.89427091997884,182.0,0.0,98.89427091997884,182.0,0.0,98.89427091997884
183,183.0,0.0,99.73532821077904,183.0,0.0,99.73532821077904,183.0,0.0,99.73532821077904
184,184.0,0.0,100.57797492867125,184.0,0.0,100.57797492867125,184.0,0.0,100.57797492867125
185,185.0,0.0,101.42219517938454,185.0,0.0,101.42219517938454,185.0,0.0,101.42219517938454
186,186.0,0.0,102.2679732275907,186.0,0.0,102.2679732275907,186.0,0.0,102.2679732275907
187,187.0,0.0,103.1152934953148,187.0,0.0,103.1152934953148,187.0,0.0,103.1152934953148
188,188.0,0.0,103.96414056036164,188.0,0.0,103.96414056036164,188.0,0.0,103.96414056036164
189,189.0,0.0,104.81449915475802,189.0,0.0,104.81449915475802,189.0,0.0,104.81449915475802
190,190.0,0.0,105.66635416321044,190.0,0.0,105.66635416321044,190.0,0.0,105.66635416321044
191,191.0,0.0,106.51969062157833,191.0,0.0,106.51969062157833,191.0,0.0,106.51969062157833
192,192.0,0.0,107.37449371536255,192.0,0.0,107.37449371536255,192.0,0.0,107.37449371536255
193,193.0,0.0,108.23074877820893,193.0,0.0,108.23074877820893,193.0,0.0,108.23074877820893
194,194.0,0.0,109.08844129042684,194.0,0.0,109.08844129042684,194.0,0.0,109.08844129042684
195,195.0,0.0,109.94755687752257,195.0,0.0,109.94755687752257,195.0,0.0,109.94755687752257
196,196.0,0.0,110.80808130874735,196.0,0.0,110.80808130874735,196.0,0.0,110.80808130874735
197,197.0,0.0,111.67000049565988,197.0,0.0,111.67000049565988,197.0,0.0,111.67000049565988
198,198.0,0.0,112.53330049070328,198.0,0.0,112.53330049070328,198.0,0.0,112.53330049070328
199,199.0,0.0,113.39796748579624,199.0,0.0,113.39796748579624,199.0,0.0,113.39796748579624
200,200.0,0.0,114.26398781093827,200.0,0.0,114.26398781093827,200.0,0.0,114.26398781093827
201,201.0,0.0,115.1313479328289,201.0,0.0,115.1313479328289,201.0,0.0,115.1313479328289
202,202.0,0.0,116.0000344535006,202.0,0.0,116.0000344535006,202.0,0.0,116.0000344535006
203,203.0,0.0,116.8700341089656,203.0,0.0,116.8700341089656,203.0,0.0,116.8700341089656
204,204.0,0.0,117.74133376787594,204.0,0.0,117.74133376787594,204.0,0.0,117.74133376787594
205,205.0,0.0,118.61392043019718,205.0,0.0,118.61392043019718,205.0,0.0,118.61392043019718
206,206.0,0.0,119.48778122589522,206.0,0.0,119.48778122589522,206.0,0.0,119.48778122589522
207,207.0,0.0,120.36290341363627,207.0,0.0,120.36290341363627,207.0,0.0,120.36290341363627
208,208.0,0.0,121.2392743794999,208.0,0.0,121.2392743794999,208.0,0.0,121.2392743794999
209,209.0,0.0,122.11688163570491,209.0,0.0,122.11688163570491,209.0,0.0,122.11688163570491
210,210.0,0.0,122.99571281934787,210.0,0.0,122.99571281934787,210.0,0.0,122.99571281934787
211,211.0,0.0,123.8757556911544,211.0,0.0,123.8757556911544,211.0,0.0,123.8757556911544
212,212.0,0.0,124.75699813424285,212.0,0.0,124.75699813424285,212.0,0.0,124.75699813424285
213,213.0,0.0,125.63942815290042,213.0,0.0,125.63942815290042,213.0,0.0,125.63942815290042
214,214.0,0.0,126.52303387137141,214.0,0.0,126.52303387137141,214.0,0.0,126.52303387137141
215,215.0,0.0,127.4078035326577,215.0,0.0,127.4078035326577,215.0,0.0,127.4078035326577
216,216.0,0.0,128.2937254973311,216.0,0.0,128.2937254973311,216.0,0.0,128.2937254973311
217,217.0,0.0,129.18078824235778,217.0,0.0,129.18078824235778,217.0,0.0,129.18078824235778
218,218.0,0.0,130.0689803599342,218.0,0.0,130.0689803599342,218.0,0.0,130.0689803599342
219,219.0,0.0,130.95829055633484,219.0,0.0,130.95829055633484,219.0,0.0,130.95829055633484
220,220.0,0.0,131.84870765077147,220.0,0.0,131.84870765077147,220.0,0.0,131.84870765077147
221,221.0,0.0,132.74022057426376,221.0,0.0,132.74022057426376,221.0,0.0,132.74022057426376
222,222.0,0.0,133.63281836852113,222.0,0.0,133.63281836852113,222.0,0.0,133.63281836852113
223,223.0,0.0,134.5264901848359,223.0,0.0,134.5264901848359,223.0,0.0,134.5264901848359
224,224.0,0.0,135.42122528298754,224.0,0.0,135.42122528298754,224.0,0.0,135.42122528298754
225,225.0,0.0,136.31701303015765,225.0,0.0,136.31701303015765,225.0,0.0,136.31701303015765
226,226.0,0.0,137.21384289985608,226.0,0.0,137.21384289985608,226.0,0.0,137.21384289985608
227,227.0,0.0,138.11170447085752,227.0,0.0,138.11170447085752,227.0,0.0,138.11170447085752
228,228.0,0.0,139.01058742614893,228.0,0.0,139.01058742614893,228.0,0.0,139.01058742614893
229,229.0,0.0,139.91048155188744,229.0,0.0,139.91048155188744,229.0,0.0,139.91048155188744
230,230.0,0.0,140.81137673636857,230.0,0.0,140.81137673636857,230.0,0.0,140.81137673636857
231,231.0,0.0,141.7132629690049,231.0,0.0,141.7132629690049,231.0,0.0,141.7132629690049
232,232.0,0.0,142.61613033931482,232.0,0.0,142.61613033931482,232.0,0.0,142.61613033931482
233,233.0,0.0,143.5199690359217,233.0,0.0,143.5199690359217,233.0,0.0,143.5199690359217
234,234.0,0.0,144.42476934556248,234.0,0.0,144.42476934556248,234.0,0.0,144.42476934556248
235,235.0,0.0,145.33052165210685,235.0,0.0,145.33052165210685,235.0,0.0,145.33052165210685
236,236.0,0.0,146.2372164355858,236.0,0.0,146.2372164355858,236.0,0.0,146.2372164355858
237,237.0,0.0,147.14484427122994,237.0,0.0,147.14484427122994,237.0,0.0,147.14484427122994
238,238.0,0.0,148.05339582851764,238.0,0.0,148.05339582851764,238.0,0.0,148.05339582851764
239,239.0,0.0,148.96286187023247,239.0,0.0,148.96286187023247,239.0,0.0,148.96286187023247
240,240.0,0.0,149.87323325153017,240.0,0.0,149.87323325153017,240.0,0.0,149.87323325153017
241,241.0,0.0,150.78450091901485,241.0,0.0,150.78450091901485,241.0,0.0,150.78450091901485
242,242.0,0.0,151.6966559098247,242.0,0.0,151.6966559098247,242.0,0.0,151.6966559098247
243,243.0,0.0,152.60968935072646,243.0,0.0,152.60968935072646,243.0,0.0,152.60968935072646
244,244.0,0.0,153.5235924572192,244.0,0.0,153.5235924572192,244.0,0.0,153.5235924572192
245,245.0,0.0,154.438356532647,245.0,0.0,154.438356532647,245.0,0.0,154.438356532647
246,246.0,0.0,155.35397296732052,246.0,0.0,155.35397296732052,246.0,0.0,155.35397296732052
247,247.0,0.0,156.2704332376473,247.0,0.0,156.2704332376473,247.0,0.0,156.2704332376473
248,248.0,0.0,157.1877289052708,248.0,0.0,157.1877289052708,248.0,0.0,157.1877289052708
249,249.0,0.0,158.1058516162181,249.0,0.0,158.1058516162181,249.0,0.0,158.1058516162181
250,250.0,0.0,159.02479310005592,250.0,0.0,159.02479310005592,250.0,0.0,159.02479310005592
251,251.0,0.0,159.94454516905535,251.0,0.0,159.94454516905535,251.0,0.0,159.94454516905535
252,252.0,0.0,160.8650997173648,252.0,0.0,160.8650997173648,252.0,0.0,160.8650997173648
253,253.0,0.0,161.78644872019117,253.0,0.0,161.78644872019117,253.0,0.0,161.78644872019117
254,254.0,0.0,162.70858423298927,254.0,0.0,162.70858423298927,254.0,0.0,162.70858423298927
255,255.0,0.0,163.63149839065937,255.0,0.0,163.63149839065937,255.0,0.0,163.63149839065937
256,256.0,0.0,164.55518340675277,256.0,0.0,164.55518340675277,256.0,0.0,164.55518340675277
257,257.0,0.0,165.47963157268524,257.0,0.0,165.47963157268524,257.0,0.0,165.47963157268524
258,258.0,0.0,166.4048352569584,258.0,0.0,166.4048352569584,258.0,0.0,166.4048352569584
259,259.0,0.0,167.33078690438882,259.0,0.0,167.33078690438882,259.0,0.0,167.33078690438882
260,260.0,0.0,168.25747903534491,260.0,0.0,168.25747903534491,260.0,0.0,168.25747903534491
261,261.0,0.0,169.1849042449915,261.0,0.0,169.1849042449915,261.0,0.0,169.1849042449915
262,262.0,0.0,170.11305520254157,262.0,0.0,170.11305520254157,262.0,0.0,170.11305520254157
263,263.0,0.0,171.04192465051617,263.0,0.0,171.04192465051617,263.0,0.0,171.04192465051617
264,264.0,0.0,171.97150540401103,264.0,0.0,171.97150540401103,264.0,0.0,171.97150540401103
265,265.0,0.0,172.90179034997092,265.0,0.0,172.90179034997092,265.0,0.0,172.90179034997092
266,266.0,0.0,173.8327724464712,266.0,0.0,173.8327724464712,266.0,0.0,173.8327724464712
267,267.0,0.0,174.76444472200652,267.0,0.0,174.76444472200652,267.0,0.0,174.76444472200652
268,268.0,0.0,175.69680027478645,268.0,0.0,175.69680027478645,268.0,0.0,175.69680027478645
269,269.0,0.0,176.62983227203858,269.0,0.0,176.62983227203858,269.0,0.0,176.62983227203858
270,270.0,0.0,177.56353394931818,270.0,0.0,177.56353394931818,270.0,0.0,177.56353394931818
271,271.0,0.0,178.497898609825,271.0,0.0,178.497898609825,271.0,0.0,178.497898609825
272,272.0,0.0,179.43291962372675,272.0,0.0,179.43291962372675,272.0,0.0,179.43291962372675
273,273.0,0.0,180.36859042748947,273.0,0.0,180.36859042748947,273.0,0.0,180.36859042748947
274,274.0,0.0,181.3049045232146,274.0,0.0,181.3049045232146,274.0,0.0,181.3049045232146
275,275.0,0.0,182.24185547798245,275.0,0.0,182.24185547798245,275.0,0.0,182.24185547798245
276,276.0,0.0,183.17943692320262,276.0,0.0,183.17943692320262,276.0,0.0,183.17943692320262
277,277.0,0.0,184.1176425539706,277.0,0.0,184.1176425539706,277.0,0.0,184.1176425539706
278,278.0,0.0,185.05646612843088,278.0,0.0,185.05646612843088,278.0,0.0,185.05646612843088
279,279.0,0.0,185.99590146714655,279.0,0.0,185.99590146714655,279.0,0.0,185.99590146714655
280,280.0,0.0,186.9359424524751,280.0,0.0,186.9359424524751,280.0,0.0,186.9359424524751
281,281.0,0.0,187.87658302795035,281.0,0.0,187.87658302795035,281.0,0.0,187.87658302795035
282,282.0,0.0,188.81781719767085,282.0,0.0,188.81781719767085,282.0,0.0,188.81781719767085
283,283.0,0.0,189.75963902569416,283.0,0.0,189.75963902569416,283.0,0.0,189.75963902569416
284,284.0,0.0,190.7020426354372,284.0,0.0,190.7020426354372,284.0,0.0,190.7020426354372
285,285.0,0.0,191.64502220908284,285.0,0.0,191.64502220908284,285.0,0.0,191.64502220908284
286,286.0,0.0,192.58857198699204,286.0,0.0,192.58857198699204,286.0,0.0,192.58857198699204
287,287.0,0.0,193.53268626712213,287.0,0.0,193.53268626712213,287.0,0.0,193.53268626712213
288,288.0,0.0,194.4773594044509,288.0,0.0,194.4773594044509,288.0,0.0,194.4773594044509
289,289.0,0.0,195.42258581040642,289.0,0.0,195.42258581040642,289.0,0.0,195.42258581040642
290,290.0,0.0,196.36835995230237,290.0,0.0,196.36835995230237,290.0,0.0,196.36835995230237
291,291.0,0.0,197.31467635277934,291.0,0.0,197.31467635277934,291.0,0.0,197.31467635277934
292,292.0,0.0,198.26152958925155,292.0,0.0,198.26152958925155,292.0,0.0,198.26152958925155
293,293.0,0.0,199.20891429335904,293.0,0.0,199.20891429335904,293.0,0.0,199.20891429335904
294,294.0,0.0,200.15682515042545,294.0,0.0,200.15682515042545,294.0,0.0,200.15682515042545
295,295.0,0.0,201.1052568989212,295.0,0.0,201.1052568989212,295.0,0.0,201.1052568989212
296,296.0,0.0,202.054204329932,296.0,0.0,202.054204329932,296.0,0.0,202.054204329932
297,297.0,0.0,203.00366228663268,297.0,0.0,203.00366228663268,297.0,0.0,203.00366228663268
298,298.0,0.0,203.95362566376633,298.0,0.0,203.95362566376633,298.0,0.0,203.95362566376633
299,299.0,0.0,204.90408940712868,299.0,0.0,204.90408940712868,299.0,0.0,204.90408940712868
300,300.0,0.0,205.8550485130574,300.0,0.0,205.8550485130574,300.0,0.0,205.8550485130574
301,301.0,0.0,206.8064980279268,301.0,0.0,206.8064980279268,301.0,0.0,206.8064980279268
302,302.0,0.0,207.75843304764754,302.0,0.0,207.75843304764754,302.0,0.0,207.75843304764754
303,303.0,0.0,208.71084871717107,303.0,0.0,208.71084871717107,303.0,0.0,208.71084871717107
304,304.0,0.0,209.66374022999935,304.0,0.0,209.66374022999935,304.0,0.0,209.66374022999935
305,305.0,0.0,210.61710282769937,305.0,0.0,210.61710282769937,305.0,0.0,210.61710282769937
306,306.0,0.0,211.57093179942237,306.0,0.0,211.57093179942237,306.0,0.0,211.57093179942237
307,307.0,0.0,212.52522248142813,307.0,0.0,212.52522248142813,307.0,0.0,212.52522248142813
308,308.0,0.0,213.47997025661385,308.0,0.0,213.47997025661385,308.0,0.0,213.47997025661385
309,309.0,0.0,214.43517055404772,309.0,0.0,214.43517055404772,309.0,0.0,214.43517055404772
310,310.0,0.0,215.39081884850722,310.0,0.0,215.39081884850722,310.0,0.0,215.39081884850722
311,311.0,0.0,216.34691066002216,311.0,0.0,216.34691066002216,311.0,0.0,216.34691066002216
312,312.0,0.0,217.30344155342195,312.0,0.0,217.30344155342195,312.0,0.0,217.30344155342195
313,313.0,0.0,218.2604071378877,313.0,0.0,218.2604071378877,313.0,0.0,218.2604071378877
314,314.0,0.0,219.21780306650885,314.0,0.0,219.21780306650885,314.0,0.0,219.21780306650885
315,315.0,0.0,220.17562503584375,315.0,0.0,220.17562503584375,315.0,0.0,220.17562503584375
316,316.0,0.0,221.1338687854853,316.0,0.0,221.1338687854853,316.0,0.0,221.1338687854853
317,317.0,0.0,222.09253009763046,317.0,0.0,222.09253009763046,317.0,0.0,222.09253009763046
318,318.0,0.0,223.05160479665415,318.0,0.0,223.05160479665415,318.0,0.0,223.05160479665415
319,319.0,0.0,224.0110887486876,319.0,0.0,224.0110887486876,319.0,0.0,224.0110887486876
320,320.0,0.0,224.9709778612007,320.0,0.0,224.9709778612007,320.0,0.0,224.9709778612007
321,321.0,0.0,225.9312680825887,321.0,0.0,225.9312680825887,321.0,0.0,225.9312680825887
322,322.0,0.0,226.8919554017628,322.0,0.0,226.8919554017628,322.0,0.0,226.8919554017628
323,323.0,0.0,227.85303584774516,323.0,0.0,227.85303584774516,323.0,0.0,227.85303584774516
324,324.0,0.0,228.81450548926773,324.0,0.0,228.81450548926773,324.0,0.0,228.81450548926773
325,325.0,0.0,229.77636043437505,325.0,0.0,229.77636043437505,325.0,0.0,229.77636043437505
326,326.0,0.0,230.7385968300313,326.0,0.0,230.7385968300313,326.0,0.0,230.7385968300313
327,327.0,0.0,231.701210861731,327.0,0.0,231.701210861731,327.0,0.0,231.701210861731
328,328.0,0.0,232.66419875311368,328.0,0.0,232.66419875311368,328.0,0.0,232.66419875311368
329,329.0,0.0,233.62755676558254,329.0,0.0,233.62755676558254,329.0,0.0,233.62755676558254
330,330.0,0.0,234.59128119792672,330.0,0.0,234.59128119792672,330.0,0.0,234.59128119792672
331,331.0,0.0,235.55536838594745,331.0,0.0,235.55536838594745,331.0,0.0,235.55536838594745
332,332.0,0.0,236.51981470208796,332.0,0.0,236.51981470208796,332.0,0.0,236.51981470208796
333,333.0,0.0,237.48461655506708,333.0,0.0,237.48461655506708,333.0,0.0,237.48461655506708
334,334.0,0.0,238.4497703895164,334.0,0.0,238.4497703895164,334.0,0.0,238.4497703895164
335,335.0,0.0,239.41527268562123,335.0,0.0,239.41527268562123,335.0,0.0,239.41527268562123
336,336.0,0.0,240.38111995876503,336.0,0.0,240.38111995876503,336.0,0.0,240.38111995876503
337,337.0,0.0,241.34730875917737,337.0,0.0,241.34730875917737,337.0,0.0,241.34730875917737
338,338.0,0.0,242.3138356715856,338.0,0.0,242.3138356715856,338.0,0.0,242.3138356715856
339,339.0,0.0,243.28069731486974,339.0,0.0,243.28069731486974,339.0,0.0,243.28069731486974
340,340.0,0.0,244.24789034172105,340.0,0.0,244.24789034172105,340.0,0.0,244.24789034172105
341,341.0,0.0,245.21541143830382,341.0,0.0,245.21541143830382,341.0,0.0,245.21541143830382
342,342.0,0.0,246.1832573239208,342.0,0.0,246.1832573239208,342.0,0.0,246.1832573239208
343,343.0,0.0,247.1514247506816,343.0,0.0,247.1514247506816,343.0,0.0,247.1514247506816
344,344.0,0.0,248.11991050317476,344.0,0.0,248.11991050317476,344.0,0.0,248.11991050317476
345,345.0,0.0,249.088711398143,345.0,0.0,249.088711398143,345.0,0.0,249.088711398143
346,346.0,0.0,250.05782428416157,346.0,0.0,250.05782428416157,346.0,0.0,250.05782428416157
347,347.0,0.0,251.02724604131996,347.0,0.0,251.02724604131996,347.0,0.0,251.02724604131996
348,348.0,0.0,251.99697358090674,348.0,0.0,251.99697358090674,348.0,0.0,251.99697358090674
349,349.0,0.0,252.96700384509768,349.0,0.0,252.96700384509768,349.0,0.0,252.96700384509768
350,350.0,0.0,253.9373338066467,350.0,0.0,253.9373338066467,350.0,0.0,253.9373338066467
351,351.0,0.0,254.90796046858023,351.0,0.0,254.90796046858023,351.0,0.0,254.90796046858023
352,352.0,0.0,255.87888086389444,352.0,0.0,255.87888086389444,352.0,0.0,255.87888086389444
353,353.0,0.0,256.8500920552555,353.0,0.0,256.8500920552555,353.0,0.0,256.8500920552555
354,354.0,0.0,257.82159113470294,354.0,0.0,257.82159113470294,354.0,0.0,257.82159113470294
355,355.0,0.0,258.7933752233559,355.0,0.0,258.7933752233559,355.0,0.0,258.7933752233559
356,356.0,0.0,259.76544147112236,356.0,0.0,259.76544147112236,356.0,0.0,259.76544147112236
357,357.0,0.0,260.73778705641115,357.0,0.0,260.73778705641115,357.0,0.0,260.73778705641115
358,358.0,0.0,261.710409185847,358.0,0.0,261.710409185847,358.0,0.0,261.710409185847
359,359.0,0.0,262.68330509398857,359.0,0.0,262.68330509398857,359.0,0.0,262.68330509398857
360,360.0,0.0,263.6564720430487,360.0,0.0,263.6564720430487,360.0,0.0,263.6564720430487
361,361.0,0.0,264.62990732261824,361.0,0.0,264.62990732261824,361.0,0.0,264.62990732261824
362,362.0,0.0,265.60360824939204,362.0,0.0,265.60360824939204,362.0,0.0,265.60360824939204
363,363.0,0.0,266.5775721668981,363.0,0.0,266.5775721668981,363.0,0.0,266.5775721668981
364,364.0,0.0,267.5517964452291,364.0,0.0,267.5517964452291,364.0,0.0,267.5517964452291
365,365.0,0.0,268.5262784807768,365.0,0.0,268.5262784807768,365.0,0.0,268.5262784807768
366,366.0,0.0,269.50101569596904,366.0,0.0,269.50101569596904,366.0,0.0,269.50101569596904
367,367.0,0.0,270.47600553900935,367.0,0.0,270.47600553900935,367.0,0.0,270.47600553900935
368,368.0,0.0,271.4512454836193,368.0,0.0,271.4512454836193,368.0,0.0,271.4512454836193
369,369.0,0.0,272.4267330287831,369.0,0.0,272.4267330287831,369.0,0.0,272.4267330287831
370,370.0,0.0,273.40246569849523,370.0,0.0,273.40246569849523,370.0,0.0,273.40246569849523
371,371.0,0.0,274.37844104151026,371.0,0.0,274.37844104151026,371.0,0.0,274.37844104151026
372,372.0,0.0,275.35465663109517,372.0,0.0,275.35465663109517,372.0,0.0,275.35465663109517
373,373.0,0.0,276.33111006478424,373.0,0.0,276.33111006478424,373.0,0.0,276.33111006478424
374,374.0,0.0,277.3077989641364,374.0,0.0,277.3077989641364,374.0,0.0,277.3077989641364
375,375.0,0.0,278.28472097449503,375.0,0.0,278.28472097449503,375.0,0.0,278.28472097449503
376,376.0,0.0,279.2618737647501,376.0,0.0,279.2618737647501,376.0,0.0,279.2618737647501
377,377.0,0.0,280.23925502710256,377.0,0.0,280.23925502710256,377.0,0.0,280.23925502710256
378,378.0,0.0,281.2168624768316,378.0,0.0,281.2168624768316,378.0,0.0,281.2168624768316
379,379.0,0.0,282.19469385206327,379.0,0.0,282.19469385206327,379.0,0.0,282.19469385206327
380,380.0,0.0,283.17274691354265,380.0,0.0,283.17274691354265,380.0,0.0,283.17274691354265
381,381.0,0.0,284.1510194444072,381.0,0.0,284.1510194444072,381.0,0.0,284.1510194444072
382,382.0,0.0,285.1295092499631,382.0,0.0,285.1295092499631,382.0,0.0,285.1295092499631
383,383.0,0.0,286.10821415746346,383.0,0.0,286.10821415746346,383.0,0.0,286.10821415746346
384,384.0,0.0,287.08713201588887,384.0,0.0,287.08713201588887,384.0,0.0,287.08713201588887
385,385.0,0.0,288.06626069573,385.0,0.0,288.06626069573,385.0,0.0,288.06626069573
386,386.0,0.0,289.04559808877275,386.0,0.0,289.04559808877275,386.0,0.0,289.04559808877275
387,387.0,0.0,290.025142107885,387.0,0.0,290.025142107885,387.0,0.0,290.025142107885
388,388.0,0.0,291.00489068680616,388.0,0.0,291.00489068680616,388.0,0.0,291.00489068680616
389,389.0,0.0,291.9848417799381,389.0,0.0,291.9848417799381,389.0,0.0,291.9848417799381
390,390.0,0.0,292.9649933621387,390.0,0.0,292.9649933621387,390.0,0.0,292.9649933621387
391,391.0,0.0,293.9453434285174,391.0,0.0,293.9453434285174,391.0,0.0,293.9453434285174
392,392.0,0.0,294.92588999423225,392.0,0.0,294.92588999423225,392.0,0.0,294.92588999423225
393,393.0,0.0,295.90663109428993,393.0,0.0,295.90663109428993,393.0,0.0,295.90663109428993
394,394.0,0.0,296.88756478334705,394.0,0.0,296.88756478334705,394.0,0.0,296.88756478334705
395,395.0,0.0,297.86868913551353,395.0,0.0,297.86868913551353,395.0,0.0,297.86868913551353
396,396.0,0.0,298.85000224415836,396.0,0.0,298.85000224415836,396.0,0.0,298.85000224415836
397,397.0,0.0,299.8315022217168,397.0,0.0,299.8315022217168,397.0,0.0,299.8315022217168
398,398.0,0.0,300.8131871994996,398.0,0.0,300.8131871994996,398.0,0.0,300.8131871994996
399,399.0,0.0,301.79505532750466,399.0,0.0,301.79505532750466,399.0,0.0,301.79505532750466
400,400.0,0.0,302.7771047742296,400.0,0.0,302.7771047742296,400.0,0.0,302.7771047742296
401,401.0,0.0,303.7593337264873,401.0,0.0,303.7593337264873,401.0,0.0,303.7593337264873
402,402.0,0.0,304.7417403892224,402.0,0.0,304.7417403892224,402.0,0.0,304.7417403892224
403,403.0,0.0,305.7243229853302,403.0,0.0,305.7243229853302,403.0,0.0,305.7243229853302
404,404.0,0.0,306.7070797554769,404.0,0.0,306.7070797554769,404.0,0.0,306.7070797554769
405,405.0,0.0,307.69000895792215,405.0,0.0,307.69000895792215,405.0,0.0,307.69000895792215
406,406.0,0.0,308.6731088683429,406.0,0.0,308.6731088683429,406.0,0.0,308.6731088683429
407,407.0,0.0,309.65637777965946,407.0,0.0,309.65637777965946,407.0,0.0,309.65637777965946
408,408.0,0.0,310.6398140018629,408.0,0.0,310.6398140018629,408.0,0.0,310.6398140018629
409,409.0,0.0,311.62341586184425,409.0,0.0,311.62341586184425,409.0,0.0,311.62341586184425
410,410.0,0.0,312.6071817032258,410.0,0.0,312.6071817032258,410.0,0.0,312.6071817032258
411,411.0,0.0,313.5911098861936,411.0,0.0,313.5911098861936,411.0,0.0,313.5911098861936
412,412.0,0.0,314.57519878733166,412.0,0.0,314.57519878733166,412.0,0.0,314.57519878733166
413,413.0,0.0,315.5594467994583,413.0,0.0,315.5594467994583,413.0,0.0,315.5594467994583
414,414.0,0.0,316.5438523314637,414.0,0.0,316.5438523314637,414.0,0.0,316.5438523314637
415,415.0,0.0,317.528413808149,415.0,0.0,317.528413808149,415.0,0.0,317.528413808149
416,416.0,0.0,318.51312967006754,416.0,0.0,318.51312967006754,416.0,0.0,318.51312967006754
417,417.0,0.0,319.4979983733669,417.0,0.0,319.4979983733669,417.0,0.0,319.4979983733669
418,418.0,0.0,320.48301838963323,418.0,0.0,320.48301838963323,418.0,0.0,320.48301838963323
419,419.0,0.0,321.4681882057369,419.0,0.0,321.4681882057369,419.0,0.0,321.4681882057369
420,420.0,0.0,322.4535063236795,420.0,0.0,322.4535063236795,420.0,0.0,322.4535063236795
421,421.0,0.0,323.4389712604427,421.0,0.0,323.4389712604427,421.0,0.0,323.4389712604427
422,422.0,0.0,324.42458154783833,422.0,0.0,324.42458154783833,422.0,0.0,324.42458154783833
423,423.0,0.0,325.41033573235995,423.0,0.0,325.41033573235995,423.0,0.0,325.41033573235995
424,424.0,0.0,326.39623237503633,424.0,0.0,326.39623237503633,424.0,0.0,326.39623237503633
425,425.0,0.0,327.38227005128596,425.0,0.0,327.38227005128596,425.0,0.0,327.38227005128596
426,426.0,0.0,328.36844735077307,426.0,0.0,328.36844735077307,426.0,0.0,328.36844735077307
427,427.0,0.0,329.35476287726533,427.0,0.0,329.35476287726533,427.0,0.0,329.35476287726533
428,428.0,0.0,330.3412152484927,428.0,0.0,330.3412152484927,428.0,0.0,330.3412152484927
429,429.0,0.0,331.32780309600776,429.0,0.0,331.32780309600776,429.0,0.0,331.32780309600776
430,430.0,0.0,332.3145250650477,430.0,0.0,332.3145250650477,430.0,0.0,332.3145250650477
431,431.0,0.0,333.3013798143972,431.0,0.0,333.3013798143972,431.0,0.0,333.3013798143972
432,432.0,0.0,334.28836601625324,432.0,0.0,334.28836601625324,432.0,0.0,334.28836601625324
433,433.0,0.0,335.27548235609066,433.0,0.0,335.27548235609066,433.0,0.0,335.27548235609066
434,434.0,0.0,336.26272753252977,434.0,0.0,336.26272753252977,434.0,0.0,336.26272753252977
435,435.0,0.0,337.2501002572045,435.0,0.0,337.2501002572045,435.0,0.0,337.2501002572045
436,436.0,0.0,338.23759925463247,436.0,0.0,338.23759925463247,436.0,0.0,338.23759925463247
437,437.0,0.0,339.22522326208616,437.0,0.0,339.22522326208616,437.0,0.0,339.22522326208616
438,438.0,0.0,340.2129710294653,438.0,0.0,340.2129710294653,438.0,0.0,340.2129710294653
439,439.0,0.0,341.2008413191706,439.0,0.0,341.2008413191706,439.0,0.0,341.2008413191706
440,440.0,0.0,342.18883290597887,440.0,0.0,342.18883290597887,440.0,0.0,342.18883290597887
441,441.0,0.0,343.1769445769191,441.0,0.0,343.1769445769191,441.0,0.0,343.1769445769191
442,442.0,0.0,344.1651751311499,442.0,0.0,344.1651751311499,442.0,0.0,344.1651751311499
443,443.0,0.0,345.1535233798384,443.0,0.0,345.1535233798384,443.0,0.0,345.1535233798384
444,444.0,0.0,346.14198814604003,444.0,0.0,346.14198814604003,444.0,0.0,346.14198814604003
445,445.0,0.0,347.1305682645796,445.0,0.0,347.1305682645796,445.0,0.0,347.1305682645796
446,446.0,0.0,348.1192625819338,446.0,0.0,348.1192625819338,446.0,0.0,348.1192625819338
447,447.0,0.0,349.1080699561145,447.0,0.0,349.1080699561145,447.0,0.0,349.1080699561145
448,448.0,0.0,350.09698925655334,448.0,0.0,350.09698925655334,448.0,0.0,350.09698925655334
449,449.0,0.0,351.0860193639878,449.0,0.0,351.0860193639878,449.0,0.0,351.0860193639878
450,450.0,0.0,352.07515917034794,450.0,0.0,352.07515917034794,450.0,0.0,352.07515917034794
451,451.0,0.0,353.0644075786445,451.0,0.0,353.0644075786445,451.0,0.0,353.0644075786445
452,452.0,0.0,354.05376350285803,452.0,0.0,354.05376350285803,452.0,0.0,354.05376350285803
453,453.0,0.0,355.0432258678295,453.0,0.0,355.0432258678295,453.0,0.0,355.0432258678295
454,454.0,0.0,356.0327936091512,454.0,0.0,356.0327936091512,454.0,0.0,356.0327936091512
455,455.0,0.0,357.0224656730597,455.0,0.0,357.0224656730597,455.0,0.0,357.0224656730597
456,456.0,0.0,358.0122410163291,456.0,0.0,358.0122410163291,456.0,0.0,358.0122410163291
457,457.0,0.0,359.00211860616577,457.0,0.0,359.00211860616577,457.0,0.0,359.00211860616577
458,458.0,0.0,359.9920974201041,458.0,0.0,359.9920974201041,458.0,0.0,359.9920974201041
459,459.0,0.0,360.98217644590306,459.0,0.0,360.98217644590306,459.0,0.0,360.98217644590306
460,460.0,0.0,361.9723546814441,460.0,0.0,361.9723546814441,460.0,0.0,361.9723546814441
461,461.0,0.0,362.96263113462965,461.0,0.0,362.96263113462965,461.0,0.0,362.96263113462965
462,462.0,0.0,363.9530048232834,462.0,0.0,363.9530048232834,462.0,0.0,363.9530048232834
463,463.0,0.0,364.94347477505056,463.0,0.0,364.94347477505056,463.0,0.0,364.94347477505056
464,464.0,0.0,365.93404002730006,464.0,0.0,365.93404002730006,464.0,0.0,365.93404002730006
465,465.0,0.0,366.92469962702705,465.0,0.0,366.92469962702705,465.0,0.0,366.92469962702705
466,466.0,0.0,367.9154526307568,466.0,0.0,367.9154526307568,466.0,0.0,367.9154526307568
467,467.0,0.0,368.90629810444926,467.0,0.0,368.90629810444926,467.0,0.0,368.90629810444926
468,468.0,0.0,369.89723512340476,468.0,0.0,369.89723512340476,468.0,0.0,369.89723512340476
469,469.0,0.0,370.8882627721707,469.0,0.0,370.8882627721707,469.0,0.0,370.8882627721707
470,470.0,0.0,371.879380144449,470.0,0.0,371.879380144449,470.0,0.0,371.879380144449
471,471.0,0.0,372.87058634300445,471.0,0.0,372.87058634300445,471.0,0.0,372.87058634300445
472,472.0,0.0,373.86188047957444,472.0,0.0,373.86188047957444,472.0,0.0,373.86188047957444
473,473.0,0.0,374.8532616747787,473.0,0.0,374.8532616747787,473.0,0.0,374.8532616747787
474,474.0,0.0,375.8447290580309,474.0,0.0,375.8447290580309,474.0,0.0,375.8447290580309
475,475.0,0.0,376.8362817674506,475.0,0.0,376.8362817674506,475.0,0.0,376.8362817674506
476,476.0,0.0,377.82791894977606,476.0,0.0,377.82791894977606,476.0,0.0,377.82791894977606
477,477.0,0.0,378.8196397602783,477.0,0.0,378.8196397602783,477.0,0.0,378.8196397602783
478,478.0,0.0,379.8114433626755,478.0,0.0,379.8114433626755,478.0,0.0,379.8114433626755
479,479.0,0.0,380.80332892904875,479.0,0.0,380.80332892904875,479.0,0.0,380.80332892904875
480,480.0,0.0,381.79529563975825,480.0,0.0,381.79529563975825,480.0,0.0,381.79529563975825
481,481.0,0.0,382.7873426833607,481.0,0.0,382.7873426833607,481.0,0.0,382.7873426833607
482,482.0,0.0,383.7794692565271,482.0,0.0,383.7794692565271,482.0,0.0,383.7794692565271
483,483.0,0.0,384.77167456396177,483.0,0.0,384.77167456396177,483.0,0.0,384.77167456396177
484,484.0,0.0,385.7639578183222,484.0,0.0,385.7639578183222,484.0,0.0,385.7639578183222
485,485.0,0.0,386.75631824013897,485.0,0.0,386.75631824013897,485.0,0.0,386.75631824013897
486,486.0,0.0,387.7487550577376,486.0,0.0,387.7487550577376,486.0,0.0,387.7487550577376
487,487.0,0.0,388.7412675071602,487.0,0.0,388.7412675071602,487.0,0.0,388.7412675071602
488,488.0,0.0,389.7338548320886,488.0,0.0,389.7338548320886,488.0,0.0,389.7338548320886
489,489.0,0.0,390.7265162837677,489.0,0.0,390.7265162837677,489.0,0.0,390.7265162837677
490,490.0,0.0,391.71925112093,490.0,0.0,391.71925112093,490.0,0.0,391.71925112093
491,491.0,0.0,392.7120586097207,491.0,0.0,392.7120586097207,491.0,0.0,392.7120586097207
492,492.0,0.0,393.7049380236235,492.0,0.0,393.7049380236235,492.0,0.0,393.7049380236235
493,493.0,0.0,394.6978886433873,493.0,0.0,394.6978886433873,493.0,0.0,394.6978886433873
494,494.0,0.0,395.6909097569534,494.0,0.0,395.6909097569534,494.0,0.0,395.6909097569534
495,495.0,0.0,396.6840006593838,495.0,0.0,396.6840006593838,495.0,0.0,396.6840006593838
496,496.0,0.0,397.67716065278995,496.0,0.0,397.67716065278995,496.0,0.0,397.67716065278995
497,497.0,0.0,398.6703890462621,497.0,0.0,398.6703890462621,497.0,0.0,398.6703890462621
498,498.0,0.0,399.66368515579944,498.0,0.0,399.66368515579944,498.0,0.0,399.66368515579944
499,499.0,0.0,400.65704830424147,499.0,0.0,400.65704830424147,499.0,0.0,400.65704830424147
500,500.0,0.0,401.65047782119905,500.0,0.0,401.65047782119905,500.0,0.0,401.65047782119905
501,501.0,0.0,402.64397304298706,501.0,0.0,402.64397304298706,501.0,0.0,402.64397304298706
502,502.0,0.0,403.63753331255714,502.0,0.0,403.63753331255714,502.0,0.0,403.63753331255714
503,503.0,0.0,404.6311579794316,503.0,0.0,404.6311579794316,503.0,0.0,404.6311579794316
504,504.0,0.0,405.6248463996373,504.0,0.0,405.6248463996373,504.0,0.0,405.6248463996373
505,505.0,0.0,406.61859793564093,505.0,0.0,406.61859793564093,505.0,0.0,406.61859793564093
506,506.0,0.0,407.6124119562845,506.0,0.0,407.6124119562845,506.0,0.0,407.6124119562845
507,507.0,0.0,408.60628783672166,507.0,0.0,408.60628783672166,507.0,0.0,408.60628783672166
508,508.0,0.0,409.60022495835443,508.0,0.0,409.60022495835443,508.0,0.0,409.60022495835443
509,509.0,0.0,410.5942227087709,509.0,0.0,410.5942227087709,509.0,0.0,410.5942227087709
510,510.0,0.0,411.5882804816832,510.0,0.0,411.5882804816832,510.0,0.0,411.5882804816832
511,511.0,0.0,412.5823976768664,511.0,0.0,412.5823976768664,511.0,0.0,412.5823976768664
512,512.0,0.0,413.5765737000977,512.0,0.0,413.5765737000977,512.0,0.0,413.5765737000977
513,513.0,0.0,414.5708079630967,513.0,0.0,414.5708079630967,513.0,0.0,414.5708079630967
514,514.0,0.0,415.5650998834657,514.0,0.0,415.5650998834657,514.0,0.0,415.5650998834657
515,515.0,0.0,416.55944888463097,515.0,0.0,416.55944888463097,515.0,0.0,416.55944888463097
516,516.0,0.0,417.5538543957847,516.0,0.0,417.5538543957847,516.0,0.0,417.5538543957847
517,517.0,0.0,418.5483158518269,517.0,0.0,418.5483158518269,517.0,0.0,418.5483158518269
518,518.0,0.0,419.54283269330864,518.0,0.0,419.54283269330864,518.0,0.0,419.54283269330864
519,519.0,0.0,420.53740436637554,519.0,0.0,420.53740436637554,519.0,0.0,420.53740436637554
520,520.0,0.0,421.53203032271176,520.0,0.0,421.53203032271176,520.0,0.0,421.53203032271176
521,521.0,0.0,422.5267100194846,521.0,0.0,422.5267100194846,521.0,0.0,422.5267100194846
522,522.0,0.0,423.52144291928977,522.0,0.0,423.52144291928977,522.0,0.0,423.52144291928977
523,523.0,0.0,424.51622849009686,523.0,0.0,424.51622849009686,523.0,0.0,424.51622849009686
524,524.0,0.0,425.5110662051959,524.0,0.0,425.5110662051959,524.0,0.0,425.5110662051959
525,525.0,0.0,426.50595554314395,525.0,0.0,426.50595554314395,525.0,0.0,426.50595554314395
526,526.0,0.0,427.5008959877125,526.0,0.0,427.5008959877125,526.0,0.0,427.5008959877125
527,527.0,0.0,428.49588702783535,527.0,0.0,428.49588702783535,527.0,0.0,428.49588702783535
528,528.0,0.0,429.49092815755705,528.0,0.0,429.49092815755705,528.0,0.0,429.49092815755705
529,529.0,0.0,430.4860188759815,529.0,0.0,430.4860188759815,529.0,0.0,430.4860188759815
530,530.0,0.0,431.48115868722164,530.0,0.0,431.48115868722164,530.0,0.0,431.48115868722164
531,531.0,0.0,432.4763471003494,531.0,0.0,432.4763471003494,531.0,0.0,432.4763471003494
532,532.0,0.0,433.4715836293459,532.0,0.0,433.4715836293459,532.0,0.0,433.4715836293459
533,533.0,0.0,434.4668677930524,533.0,0.0,434.4668677930524,533.0,0.0,434.4668677930524
534,534.0,0.0,435.4621991151219,534.0,0.0,435.4621991151219,534.0,0.0,435.4621991151219
535,535.0,0.0,436.4575771239707,535.0,0.0,436.4575771239707,535.0,0.0,436.4575771239707
536,536.0,0.0,437.453001352731,536.0,0.0,437.453001352731,536.0,0.0,437.453001352731
537,537.0,0.0,438.4484713392037,537.0,0.0,438.4484713392037,537.0,0.0,438.4484713392037
538,538.0,0.0,439.44398662581165,538.0,0.0,439.44398662581165,538.0,0.0,439.44398662581165
539,539.0,0.0,440.43954675955354,539.0,0.0,440.43954675955354,539.0,0.0,440.43954675955354
540,540.0,0.0,441.435151291958,540.0,0.0,441.435151291958,540.0,0.0,441.435151291958
541,541.0,0.0,442.4307997790384,541.0,0.0,442.4307997790384,541.0,0.0,442.4307997790384
542,542.0,0.0,443.42649178124805,542.0,0.0,443.42649178124805,542.0,0.0,443.42649178124805
543,543.0,0.0,444.4222268634356,543.0,0.0,444.4222268634356,543.0,0.0,444.4222268634356
544,544.0,0.0,445.41800459480123,544.0,0.0,445.41800459480123,544.0,0.0,445.41800459480123
545,545.0,0.0,446.4138245488532,545.0,0.0,446.4138245488532,545.0,0.0,446.4138245488532
546,546.0,0.0,447.40968630336465,546.0,0.0,447.40968630336465,546.0,0.0,447.40968630336465
547,547.0,0.0,448.405589440331,547.0,0.0,448.405589440331,547.0,0.0,448.405589440331
548,548.0,0.0,449.40153354592775,548.0,0.0,449.40153354592775,548.0,0.0,449.40153354592775
549,549.0,0.0,450.3975182104685,549.0,0.0,450.3975182104685,549.0,0.0,450.3975182104685
550,550.0,0.0,451.3935430283638,550.0,0.0,451.3935430283638,550.0,0.0,451.3935430283638
551,551.0,0.0,452.38960759808015,551.0,0.0,452.38960759808015,551.0,0.0,452.38960759808015
552,552.0,0.0,453.3857115220993,552.0,0.0,453.3857115220993,552.0,0.0,453.3857115220993
553,553.0,0.0,454.38185440687835,553.0,0.0,454.38185440687835,553.0,0.0,454.38185440687835
554,554.0,0.0,455.37803586280955,554.0,0.0,455.37803586280955,554.0,0.0,455.37803586280955
555,555.0,0.0,456.37425550418146,555.0,0.0,456.37425550418146,555.0,0.0,456.37425550418146
556,556.0,0.0,457.37051294913965,556.0,0.0,457.37051294913965,556.0,0.0,457.37051294913965
557,557.0,0.0,458.3668078196483,557.0,0.0,458.3668078196483,557.0,0.0,458.3668078196483
558,558.0,0.0,459.3631397414518,558.0,0.0,459.3631397414518,558.0,0.0,459.3631397414518
559,559.0,0.0,460.3595083440373,559.0,0.0,460.3595083440373,559.0,0.0,460.3595083440373
560,560.0,0.0,461.35591326059694,560.0,0.0,461.35591326059694,560.0,0.0,461.35591326059694
561,561.0,0.0,462.35235412799096,561.0,0.0,462.35235412799096,561.0,0.0,462.35235412799096
562,562.0,0.0,463.3488305867111,562.0,0.0,463.3488305867111,562.0,0.0,463.3488305867111
563,563.0,0.0,464.34534228084397,563.0,0.0,464.34534228084397,563.0,0.0,464.34534228084397
564,564.0,0.0,465.34188885803553,564.0,0.0,465.34188885803553,564.0,0.0,465.34188885803553
565,565.0,0.0,466.33846996945516,565.0,0.0,466.33846996945516,565.0,0.0,466.33846996945516
566,566.0,0.0,467.3350852697606,566.0,0.0,467.3350852697606,566.0,0.0,467.3350852697606
567,567.0,0.0,468.331734417063,567.0,0.0,468.331734417063,567.0,0.0,468.331734417063
568,568.0,0.0,469.32841707289236,568.0,0.0,469.32841707289236,568.0,0.0,469.32841707289236
569,569.0,0.0,470.32513290216343,569.0,0.0,470.32513290216343,569.0,0.0,470.32513290216343
570,570.0,0.0,471.3218815731418,570.0,0.0,471.3218815731418,570.0,0.0,471.3218815731418
571,571.0,0.0,472.3186627574104,571.0,0.0,472.3186627574104,571.0,0.0,472.3186627574104
572,572.0,0.0,473.3154761298363,572.0,0.0,473.3154761298363,572.0,0.0,473.3154761298363
573,573.0,0.0,474.312321368538,573.0,0.0,474.312321368538,573.0,0.0,474.312321368538
574,574.0,0.0,475.3091981548526,574.0,0.0,475.3091981548526,574.0,0.0,475.3091981548526
575,575.0,0.0,476.30610617330404,575.0,0.0,476.30610617330404,575.0,0.0,476.30610617330404
576,576.0,0.0,477.303045111571,576.0,0.0,477.303045111571,576.0,0.0,477.303045111571
577,577.0,0.0,478.3000146604553,577.0,0.0,478.3000146604553,577.0,0.0,478.3000146604553
578,578.0,0.0,479.2970145138508,578.0,0.0,479.2970145138508,578.0,0.0,479.2970145138508
579,579.0,0.0,480.2940443687123,579.0,0.0,480.2940443687123,579.0,0.0,480.2940443687123
580,580.0,0.0,481.2911039250252,580.0,0.0,481.2911039250252,580.0,0.0,481.2911039250252
581,581.0,0.0,482.28819288577495,581.0,0.0,482.28819288577495,581.0,0.0,482.28819288577495
582,582.0,0.0,483.2853109569172,582.0,0.0,483.2853109569172,582.0,0.0,483.2853109569172
583,583.0,0.0,484.28245784734804,583.0,0.0,484.28245784734804,583.0,0.0,484.28245784734804
584,584.0,0.0,485.2796332688746,584.0,0.0,485.2796332688746,584.0,0.0,485.2796332688746
585,585.0,0.0,486.2768369361859,585.0,0.0,486.2768369361859,585.0,0.0,486.2768369361859
586,586.0,0.0,487.27406856682404,586.0,0.0,487.27406856682404,586.0,0.0,487.27406856682404
587,587.0,0.0,488.2713278811558,587.0,0.0,488.2713278811558,587.0,0.0,488.2713278811558
588,588.0,0.0,489.26861460234426,588.0,0.0,489.26861460234426,588.0,0.0,489.26861460234426
589,589.0,0.0,490.2659284563208,589.0,0.0,490.2659284563208,589.0,0.0,490.2659284563208
590,590.0,0.0,491.26326917175766,590.0,0.0,491.26326917175766,590.0,0.0,491.26326917175766
591,591.0,0.0,492.2606364800401,591.0,0.0,492.2606364800401,591.0,0.0,492.2606364800401
592,592.0,0.0,493.2580301152397,592.0,0.0,493.2580301152397,592.0,0.0,493.2580301152397
593,593.0,0.0,494.2554498140873,593.0,0.0,494.2554498140873,593.0,0.0,494.2554498140873
594,594.0,0.0,495.25289531594643,594.0,0.0,495.25289531594643,594.0,0.0,495.25289531594643
595,595.0,0.0,496.25036636278696,595.0,0.0,496.25036636278696,595.0,0.0,496.25036636278696
596,596.0,0.0,497.24786269915904,596.0,0.0,497.24786269915904,596.0,0.0,497.24786269915904
597,597.0,0.0,498.2453840721675,597.0,0.0,498.2453840721675,597.0,0.0,498.2453840721675
598,598.0,0.0,499.2429302314458,598.0,0.0,499.2429302314458,598.0,0.0,499.2429302314458
599,599.0,0.0,500.2405009291314,599.0,0.0,500.2405009291314,599.0,0.0,500.2405009291314
600,600.0,0.0,501.2380959198401,600.0,0.0,501.2380959198401,600.0,0.0,501.2380959198401
601,601.0,0.0,502.23571496064164,601.0,0.0,502.23571496064164,601.0,0.0,502.23571496064164
602,602.0,0.0,503.2333578110352,602.0,0.0,503.2333578110352,602.0,0.0,503.2333578110352
603,603.0,0.0,504.2310242329249,603.0,0.0,504.2310242329249,603.0,0.0,504.2310242329249
604,604.0,0.0,505.2287139905956,604.0,0.0,505.2287139905956,604.0,0.0,505.2287139905956
605,605.0,0.0,506.2264268506897,605.0,0.0,506.2264268506897,605.0,0.0,506.2264268506897
606,606.0,0.0,507.22416258218277,606.0,0.0,507.22416258218277,606.0,0.0,507.22416258218277
607,607.0,0.0,508.2219209563609,607.0,0.0,508.2219209563609,607.0,0.0,508.2219209563609
608,608.0,0.0,509.2197017467973,608.0,0.0,509.2197017467973,608.0,0.0,509.2197017467973
609,609.0,0.0,510.21750472932933,609.0,0.0,510.21750472932933,609.0,0.0,510.21750472932933
610,610.0,0.0,511.21532968203604,610.0,0.0,511.21532968203604,610.0,0.0,511.21532968203604
611,611.0,0.0,512.2131763852157,611.0,0.0,512.2131763852157,611.0,0.0,512.2131763852157
612,612.0,0.0,513.2110446213635,612.0,0.0,513.2110446213635,612.0,0.0,513.2110446213635
613,613.0,0.0,514.2089341751499,613.0,0.0,514.2089341751499,613.0,0.0,514.2089341751499
614,614.0,0.0,515.2068448333985,614.0,0.0,515.2068448333985,614.0,0.0,515.2068448333985
615,615.0,0.0,516.2047763850645,615.0,0.0,516.2047763850645,615.0,0.0,516.2047763850645
616,616.0,0.0,517.2027286212139,616.0,0.0,517.2027286212139,616.0,0.0,517.2027286212139
617,617.0,0.0,518.2007013350017,617.0,0.0,518.2007013350017,617.0,0.0,518.2007013350017
618,618.0,0.0,519.1986943216516,618.0,0.0,519.1986943216516,618.0,0.0,519.1986943216516
619,619.0,0.0,520.1967073784351,619.0,0.0,520.1967073784351,619.0,0.0,520.1967073784351
620,620.0,0.0,521.1947403046508,620.0,0.0,521.1947403046508,620.0,0.0,521.1947403046508
621,621.0,0.0,522.1927929016043,621.0,0.0,522.1927929016043,621.0,0.0,522.1927929016043
622,622.0,0.0,523.1908649725883,622.0,0.0,523.1908649725883,622.0,0.0,523.1908649725883
623,623.0,0.0,524.1889563228624,623.0,0.0,524.1889563228624,623.0,0.0,524.1889563228624
624,624.0,0.0,525.1870667596338,624.0,0.0,525.1870667596338,624.0,0.0,525.1870667596338
625,625.0,0.0,526.1851960920375,625.0,0.0,526.1851960920375,625.0,0.0,526.1851960920375
626,626.0,0.0,527.1833441311171,626.0,0.0,527.1833441311171,626.0,0.0,527.1833441311171
627,627.0,0.0,528.1815106898059,627.0,0.0,528.1815106898059,627.0,0.0,528.1815106898059
628,628.0,0.0,529.1796955829078,628.0,0.0,529.1796955829078,628.0,0.0,529.1796955829078
629,629.0,0.0,530.1778986270787,629.0,0.0,530.1778986270787,629.0,0.0,530.1778986270787
630,630.0,0.0,531.1761196408078,630.0,0.0,531.1761196408078,630.0,0.0,531.1761196408078
631,631.0,0.0,532.1743584443998,631.0,0.0,532.1743584443998,631.0,0.0,532.1743584443998
632,632.0,0.0,533.1726148599558,632.0,0.0,533.1726148599558,632.0,0.0,533.1726148599558
633,633.0,0.0,534.1708887113563,633.0,0.0,534.1708887113563,633.0,0.0,534.1708887113563
634,634.0,0.0,535.1691798242427,634.0,0.0,535.1691798242427,634.0,0.0,535.1691798242427
635,635.0,0.0,536.1674880260003,635.0,0.0,536.1674880260003,635.0,0.0,536.1674880260003
636,636.0,0.0,537.1658131457403,636.0,0.0,537.1658131457403,636.0,0.0,537.1658131457403
637,637.0,0.0,538.164155014283,637.0,0.0,538.164155014283,637.0,0.0,538.164155014283
638,638.0,0.0,539.1625134641401,638.0,0.0,539.1625134641401,638.0,0.0,539.1625134641401
639,639.0,0.0,540.1608883294987,639.0,0.0,540.1608883294987,639.0,0.0,540.1608883294987
640,640.0,0.0,541.1592794462036,640.0,0.0,541.1592794462036,640.0,0.0,541.1592794462036
641,641.0,0.0,542.1576866517415,641.0,0.0,542.1576866517415,641.0,0.0,542.1576866517415
642,642.0,0.0,543.1561097852241,642.0,0.0,543.1561097852241,642.0,0.0,543.1561097852241
643,643.0,0.0,544.1545486873717,643.0,0.0,544.1545486873717,643.0,0.0,544.1545486873717
644,644.0,0.0,545.1530032004981,644.0,0.0,545.1530032004981,644.0,0.0,545.1530032004981
645,645.0,0.0,546.1514731684932,645.0,0.0,546.1514731684932,645.0,0.0,546.1514731684932
646,646.0,0.0,547.1499584368083,646.0,0.0,547.1499584368083,646.0,0.0,547.1499584368083
647,647.0,0.0,548.1484588524403,647.0,0.0,548.1484588524403,647.0,0.0,548.1484588524403
648,648.0,0.0,549.1469742639159,648.0,0.0,549.1469742639159,648.0,0.0,549.1469742639159
649,649.0,0.0,550.1455045212767,649.0,0.0,550.1455045212767,649.0,0.0,550.1455045212767
650,650.0,0.0,551.144049476064,650.0,0.0,551.144049476064,650.0,0.0,551.144049476064
651,651.0,0.0,552.1426089813033,651.0,0.0,552.1426089813033,651.0,0.0,552.1426089813033
652,652.0,0.0,553.1411828914902,652.0,0.0,553.1411828914902,652.0,0.0,553.1411828914902
653,653.0,0.0,554.1397710625753,653.0,0.0,554.1397710625753,653.0,0.0,554.1397710625753
654,654.0,0.0,555.1383733519494,654.0,0.0,555.1383733519494,654.0,0.0,555.1383733519494
655,655.0,0.0,556.1369896184299,655.0,0.0,556.1369896184299,655.0,0.0,556.1369896184299
656,656.0,0.0,557.1356197222457,656.0,0.0,557.1356197222457,656.0,0.0,557.1356197222457
657,657.0,0.0,558.1342635250232,657.0,0.0,558.1342635250232,657.0,0.0,558.1342635250232
658,658.0,0.0,559.132920889773,658.0,0.0,559.132920889773,658.0,0.0,559.132920889773
659,659.0,0.0,560.1315916808753,659.0,0.0,560.1315916808753,659.0,0.0,560.1315916808753
660,660.0,0.0,561.1302757640666,660.0,0.0,561.1302757640666,660.0,0.0,561.1302757640666
661,661.0,0.0,562.1289730064259,661.0,0.0,562.1289730064259,661.0,0.0,562.1289730064259
662,662.0,0.0,563.1276832763616,662.0,0.0,563.1276832763616,662.0,0.0,563.1276832763616
663,663.0,0.0,564.126406443598,663.0,0.0,564.126406443598,663.0,0.0,564.126406443598
664,664.0,0.0,565.125142379162,664.0,0.0,565.125142379162,664.0,0.0,565.125142379162
665,665.0,0.0,566.1238909553703,665.0,0.0,566.1238909553703,665.0,0.0,566.1238909553703
666,666.0,0.0,567.1226520458165,666.0,0.0,567.1226520458165,666.0,0.0,567.1226520458165
667,667.0,0.0,568.1214255253583,667.0,0.0,568.1214255253583,667.0,0.0,568.1214255253583
668,668.0,0.0,569.1202112701046,668.0,0.0,569.1202112701046,668.0,0.0,569.1202112701046
669,669.0,0.0,570.1190091574036,669.0,0.0,570.1190091574036,669.0,0.0,570.1190091574036
670,670.0,0.0,571.1178190658296,670.0,0.0,571.1178190658296,670.0,0.0,571.1178190658296
671,671.0,0.0,572.1166408751714,671.0,0.0,572.1166408751714,671.0,0.0,572.1166408751714
672,672.0,0.0,573.1154744664196,672.0,0.0,573.1154744664196,672.0,0.0,573.1154744664196
673,673.0,0.0,574.1143197217555,673.0,0.0,574.1143197217555,673.0,0.0,574.1143197217555
674,674.0,0.0,575.113176524538,674.0,0.0,575.113176524538,674.0,0.0,575.113176524538
675,675.0,0.0,576.1120447592925,675.0,0.0,576.1120447592925,675.0,0.0,576.1120447592925
676,676.0,0.0,577.1109243116996,676.0,0.0,577.1109243116996,676.0,0.0,577.1109243116996
677,677.0,0.0,578.1098150685825,677.0,0.0,578.1098150685825,677.0,0.0,578.1098150685825
678,678.0,0.0,579.1087169178967,678.0,0.0,579.1087169178967,678.0,0.0,579.1087169178967
679,679.0,0.0,580.1076297487177,679.0,0.0,580.1076297487177,679.0,0.0,580.1076297487177
680,680.0,0.0,581.1065534512305,680.0,0.0,581.1065534512305,680.0,0.0,581.1065534512305
681,681.0,0.0,582.1054879167183,681.0,0.0,582.1054879167183,681.0,0.0,582.1054879167183
682,682.0,0.0,583.1044330375512,682.0,0.0,583.1044330375512,682.0,0.0,583.1044330375512
683,683.0,0.0,584.1033887071757,683.0,0.0,584.1033887071757,683.0,0.0,584.1033887071757
684,684.0,0.0,585.102354820104,684.0,0.0,585.102354820104,684.0,0.0,585.102354820104
685,685.0,0.0,586.101331271903,685.0,0.0,586.101331271903,685.0,0.0,586.101331271903
686,686.0,0.0,587.1003179591839,686.0,0.0,587.1003179591839,686.0,0.0,587.1003179591839
687,687.0,0.0,588.0993147795921,687.0,0.0,588.0993147795921,687.0,0.0,588.0993147795921
688,688.0,0.0,589.0983216317961,688.0,0.0,589.0983216317961,688.0,0.0,589.0983216317961
689,689.0,0.0,590.0973384154781,689.0,0.0,590.0973384154781,689.0,0.0,590.0973384154781
690,690.0,0.0,591.0963650313233,690.0,0.0,591.0963650313233,690.0,0.0,591.0963650313233
691,691.0,0.0,592.0954013810101,691.0,0.0,592.0954013810101,691.0,0.0,592.0954013810101
692,692.0,0.0,593.0944473671999,692.0,0.0,593.0944473671999,692.0,0.0,593.0944473671999
693,693.0,0.0,594.0935028935279,693.0,0.0,594.0935028935279,693.0,0.0,594.0935028935279
694,694.0,0.0,595.0925678645926,694.0,0.0,595.0925678645926,694.0,0.0,595.0925678645926
695,695.0,0.0,596.0916421859467,695.0,0.0,596.0916421859467,695.0,0.0,596.0916421859467
696,696.0,0.0,597.0907257640873,696.0,0.0,597.0907257640873,696.0,0.0,597.0907257640873
697,697.0,0.0,598.0898185064465,697.0,0.0,598.0898185064465,697.0,0.0,598.0898185064465
698,698.0,0.0,599.088920321382,698.0,0.0,599.088920321382,698.0,0.0,599.088920321382
699,699.0,0.0,600.0880311181683,699.0,0.0,600.0880311181683,699.0,0.0,600.0880311181683
700,700.0,0.0,601.0871508069865,700.0,0.0,601.0871508069865,700.0,0.0,601.0871508069865
701,701.0,0.0,602.0862792989167,701.0,0.0,602.0862792989167,701.0,0.0,602.0862792989167
702,702.0,0.0,603.0854165059275,702.0,0.0,603.0854165059275,702.0,0.0,603.0854165059275
703,703.0,0.0,604.0845623408682,703.0,0.0,604.0845623408682,703.0,0.0,604.0845623408682
704,704.0,0.0,605.0837167174594,704.0,0.0,605.0837167174594,704.0,0.0,605.0837167174594
705,705.0,0.0,606.0828795502848,705.0,0.0,606.0828795502848,705.0,0.0,606.0828795502848
706,706.0,0.0,607.082050754782,706.0,0.0,607.082050754782,706.0,0.0,607.082050754782
707,707.0,0.0,608.0812302472342,707.0,0.0,608.0812302472342,707.0,0.0,608.0812302472342
708,708.0,0.0,609.0804179447618,708.0,0.0,609.0804179447618,708.0,0.0,609.0804179447618
709,709.0,0.0,610.0796137653142,709.0,0.0,610.0796137653142,709.0,0.0,610.0796137653142
710,710.0,0.0,611.0788176276611,710.0,0.0,611.0788176276611,710.0,0.0,611.0788176276611
711,711.0,0.0,612.0780294513845,711.0,0.0,612.0780294513845,711.0,0.0,612.0780294513845
712,712.0,0.0,613.0772491568706,712.0,0.0,613.0772491568706,712.0,0.0,613.0772491568706
713,713.0,0.0,614.0764766653019,713.0,0.0,614.0764766653019,713.0,0.0,614.0764766653019
714,714.0,0.0,615.0757118986489,714.0,0.0,615.0757118986489,714.0,0.0,615.0757118986489
715,715.0,0.0,616.0749547796624,715.0,0.0,616.0749547796624,715.0,0.0,616.0749547796624
716,716.0,0.0,617.0742052318658,716.0,0.0,617.0742052318658,716.0,0.0,617.0742052318658
717,717.0,0.0,618.073463179547,717.0,0.0,618.073463179547,717.0,0.0,618.073463179547
718,718.0,0.0,619.0727285477515,718.0,0.0,619.0727285477515,718.0,0.0,619.0727285477515
719,719.0,0.0,620.0720012622741,719.0,0.0,620.0720012622741,719.0,0.0,620.0720012622741
720,720.0,0.0,621.0712812496514,720.0,0.0,621.0712812496514,720.0,0.0,621.0712812496514
721,721.0,0.0,622.070568437155,721.0,0.0,622.070568437155,721.0,0.0,622.070568437155
722,722.0,0.0,623.0698627527835,722.0,0.0,623.0698627527835,722.0,0.0,623.0698627527835
723,723.0,0.0,624.0691641252556,723.0,0.0,624.0691641252556,723.0,0.0,624.0691641252556
724,724.0,0.0,625.0684724840031,724.0,0.0,625.0684724840031,724.0,0.0,625.0684724840031
725,725.0,0.0,626.067787759163,725.0,0.0,626.067787759163,725.0,0.0,626.067787759163
726,726.0,0.0,627.0671098815714,726.0,0.0,627.0671098815714,726.0,0.0,627.0671098815714
727,727.0,0.0,628.0664387827557,727.0,0.0,628.0664387827557,727.0,0.0,628.0664387827557
728,728.0,0.0,629.0657743949281,728.0,0.0,629.0657743949281,728.0,0.0,629.0657743949281
729,729.0,0.0,630.0651166509788,729.0,0.0,630.0651166509788,729.0,0.0,630.0651166509788
730,730.0,0.0,631.064465484469,730.0,0.0,631.064465484469,730.0,0.0,631.064465484469
731,731.0,0.0,632.0638208296243,731.0,0.0,632.0638208296243,731.0,0.0,632.0638208296243
732,732.0,0.0,633.0631826213281,732.0,0.0,633.0631826213281,732.0,0.0,633.0631826213281
733,733.0,0.0,634.0625507951148,733.0,0.0,634.0625507951148,733.0,0.0,634.0625507951148
734,734.0,0.0,635.0619252871637,734.0,0.0,635.0619252871637,734.0,0.0,635.0619252871637
735,735.0,0.0,636.0613060342921,735.0,0.0,636.0613060342921,735.0,0.0,636.0613060342921
736,736.0,0.0,637.0606929739492,736.0,0.0,637.0606929739492,736.0,0.0,637.0606929739492
737,737.0,0.0,638.0600860442097,737.0,0.0,638.0600860442097,737.0,0.0,638.0600860442097
738,738.0,0.0,639.0594851837676,738.0,0.0,639.0594851837676,738.0,0.0,639.0594851837676
739,739.0,0.0,640.0588903319299,739.0,0.0,640.0588903319299,739.0,0.0,640.0588903319299
740,740.0,0.0,641.0583014286105,740.0,0.0,641.0583014286105,740.0,0.0,641.0583014286105
741,741.0,0.0,642.0577184143244,741.0,0.0,642.0577184143244,741.0,0.0,642.0577184143244
742,742.0,0.0,643.0571412301812,742.0,0.0,643.0571412301812,742.0,0.0,643.0571412301812
743,743.0,0.0,644.0565698178793,743.0,0.0,644.0565698178793,743.0,0.0,644.0565698178793
744,744.0,0.0,645.0560041197006,744.0,0.0,645.0560041197006,744.0,0.0,645.0560041197006
745,745.0,0.0,646.0554440785036,745.0,0.0,646.0554440785036,745.0,0.0,646.0554440785036
746,746.0,0.0,647.0548896377186,746.0,0.0,647.0548896377186,746.0,0.0,647.0548896377186
747,747.0,0.0,648.0543407413414,747.0,0.0,648.0543407413414,747.0,0.0,648.0543407413414
748,748.0,0.0,649.0537973339281,748.0,0.0,649.0537973339281,748.0,0.0,649.0537973339281
749,749.0,0.0,650.0532593605888,749.0,0.0,650.0532593605888,749.0,0.0,650.0532593605888
750,750.0,0.0,651.0527267669829,750.0,0.0,651.0527267669829,750.0,0.0,651.0527267669829
751,751.0,0.0,652.052199499313,751.0,0.0,652.052199499313,751.0,0.0,652.052199499313
752,752.0,0.0,653.0516775043199,752.0,0.0,653.0516775043199,752.0,0.0,653.0516775043199
753,753.0,0.0,654.0511607292766,753.0,0.0,654.0511607292766,753.0,0.0,654.0511607292766
754,754.0,0.0,655.0506491219838,754.0,0.0,655.0506491219838,754.0,0.0,655.0506491219838
755,755.0,0.0,656.050142630764,755.0,0.0,656.050142630764,755.0,0.0,656.050142630764
756,756.0,0.0,657.0496412044564,756.0,0.0,657.0496412044564,756.0,0.0,657.0496412044564
757,757.0,0.0,658.0491447924119,757.0,0.0,658.0491447924119,757.0,0.0,658.0491447924119
758,758.0,0.0,659.0486533444878,758.0,0.0,659.0486533444878,758.0,0.0,659.0486533444878
759,759.0,0.0,660.048166811043,759.0,0.0,660.048166811043,759.0,0.0,660.048166811043
760,760.0,0.0,661.0476851429326,760.0,0.0,661.0476851429326,760.0,0.0,661.0476851429326
761,761.0,0.0,662.0472082915032,761.0,0.0,662.0472082915032,761.0,0.0,662.0472082915032
762,762.0,0.0,663.0467362085882,762.0,0.0,663.0467362085882,762.0,0.0,663.0467362085882
763,763.0,0.0,664.0462688465022,763.0,0.0,664.0462688465022,763.0,0.0,664.0462688465022
764,764.0,0.0,665.0458061580372,764.0,0.0,665.0458061580372,764.0,0.0,665.0458061580372
765,765.0,0.0,666.0453480964568,765.0,0.0,666.0453480964568,765.0,0.0,666.0453480964568
766,766.0,0.0,667.0448946154922,766.0,0.0,667.0448946154922,766.0,0.0,667.0448946154922
767,767.0,0.0,668.0444456693373,767.0,0.0,668.0444456693373,767.0,0.0,668.0444456693373
768,768.0,0.0,669.0440012126439,768.0,0.0,669.0440012126439,768.0,0.0,669.0440012126439
769,769.0,0.0,670.0435612005175,769.0,0.0,670.0435612005175,769.0,0.0,670.0435612005175
770,770.0,0.0,671.0431255885123,770.0,0.0,671.0431255885123,770.0,0.0,671.0431255885123
771,771.0,0.0,672.0426943326272,771.0,0.0,672.0426943326272,771.0,0.0,672.0426943326272
772,772.0,0.0,673.042267389301,772.0,0.0,673.042267389301,772.0,0.0,673.042267389301
773,773.0,0.0,674.0418447154079,773.0,0.0,674.0418447154079,773.0,0.0,674.0418447154079
774,774.0,0.0,675.0414262682539,774.0,0.0,675.0414262682539,774.0,0.0,675.0414262682539
775,775.0,0.0,676.0410120055714,775.0,0.0,676.0410120055714,775.0,0.0,676.0410120055714
776,776.0,0.0,677.0406018855157,776.0,0.0,677.0406018855157,776.0,0.0,677.0406018855157
777,777.0,0.0,678.0401958666605,777.0,0.0,678.0401958666605,777.0,0.0,678.0401958666605
778,778.0,0.0,679.0397939079938,778.0,0.0,679.0397939079938,778.0,0.0,679.0397939079938
779,779.0,0.0,680.0393959689138,779.0,0.0,680.0393959689138,779.0,0.0,680.0393959689138
780,780.0,0.0,681.0390020092246,780.0,0.0,681.0390020092246,780.0,0.0,681.0390020092246
781,781.0,0.0,682.0386119891325,781.0,0.0,682.0386119891325,781.0,0.0,682.0386119891325
782,782.0,0.0,683.0382258692413,782.0,0.0,683.0382258692413,782.0,0.0,683.0382258692413
783,783.0,0.0,684.0378436105489,783.0,0.0,684.0378436105489,783.0,0.0,684.0378436105489
784,784.0,0.0,685.0374651744434,784.0,0.0,685.0374651744434,784.0,0.0,685.0374651744434
785,785.0,0.0,686.0370905226989,785.0,0.0,686.0370905226989,785.0,0.0,686.0370905226989
786,786.0,0.0,687.0367196174719,786.0,0.0,687.0367196174719,786.0,0.0,687.0367196174719
787,787.0,0.0,688.0363524212972,787.0,0.0,688.0363524212972,787.0,0.0,688.0363524212972
788,788.0,0.0,689.0359888970843,788.0,0.0,689.0359888970843,788.0,0.0,689.0359888970843
789,789.0,0.0,690.0356290081135,789.0,0.0,690.0356290081135,789.0,0.0,690.0356290081135
790,790.0,0.0,691.0352727180323,790.0,0.0,691.0352727180323,790.0,0.0,691.0352727180323
791,791.0,0.0,692.0349199908519,791.0,0.0,692.0349199908519,791.0,0.0,692.0349199908519
792,792.0,0.0,693.0345707909433,792.0,0.0,693.0345707909433,792.0,0.0,693.0345707909433
793,793.0,0.0,694.034225083034,793.0,0.0,694.034225083034,793.0,0.0,694.034225083034
794,794.0,0.0,695.0338828322037,794.0,0.0,695.0338828322037,794.0,0.0,695.0338828322037
795,795.0,0.0,696.0335440038817,795.0,0.0,696.0335440038817,795.0,0.0,696.0335440038817
796,796.0,0.0,697.0332085638429,796.0,0.0,697.0332085638429,796.0,0.0,697.0332085638429
797,797.0,0.0,698.0328764782045,797.0,0.0,698.0328764782045,797.0,0.0,698.0328764782045
798,798.0,0.0,699.0325477134224,798.0,0.0,699.0325477134224,798.0,0.0,699.0325477134224
799,799.0,0.0,700.0322222362882,799.0,0.0,700.0322222362882,799.0,0.0,700.0322222362882
800,800.0,0.0,701.0319000139253,800.0,0.0,701.0319000139253,800.0,0.0,701.0319000139253
801,801.0,0.0,702.0315810137861,801.0,0.0,702.0315810137861,801.0,0.0,702.0315810137861
802,802.0,0.0,703.0312652036482,802.0,0.0,703.0312652036482,802.0,0.0,703.0312652036482
803,803.0,0.0,704.0309525516117,803.0,0.0,704.0309525516117,803.0,0.0,704.0309525516117
804,804.0,0.0,705.0306430260955,804.0,0.0,705.0306430260955,804.0,0.0,705.0306430260955
805,805.0,0.0,706.0303365958345,805.0,0.0,706.0303365958345,805.0,0.0,706.0303365958345
806,806.0,0.0,707.0300332298762,806.0,0.0,707.0300332298762,806.0,0.0,707.0300332298762
807,807.0,0.0,708.0297328975774,807.0,0.0,708.0297328975774,807.0,0.0,708.0297328975774
808,808.0,0.0,709.0294355686017,808.0,0.0,709.0294355686017,808.0,0.0,709.0294355686017
809,809.0,0.0,710.0291412129156,809.0,0.0,710.0291412129156,809.0,0.0,710.0291412129156
810,810.0,0.0,711.0288498007865,810.0,0.0,711.0288498007865,810.0,0.0,711.0288498007865
811,811.0,0.0,712.0285613027786,811.0,0.0,712.0285613027786,811.0,0.0,712.0285613027786
812,812.0,0.0,713.0282756897508,812.0,0.0,713.0282756897508,812.0,0.0,713.0282756897508
813,813.0,0.0,714.0279929328533,813.0,0.0,714.0279929328533,813.0,0.0,714.0279929328533
814,814.0,0.0,715.0277130035247,814.0,0.0,715.0277130035247,814.0,0.0,715.0277130035247
815,815.0,0.0,716.0274358734894,815.0,0.0,716.0274358734894,815.0,0.0,716.0274358734894
816,816.0,0.0,717.0271615147544,816.0,0.0,717.0271615147544,816.0,0.0,717.0271615147544
817,817.0,0.0,718.0268898996069,817.0,0.0,718.0268898996069,817.0,0.0,718.0268898996069
818,818.0,0.0,719.0266210006109,818.0,0.0,719.0266210006109,818.0,0.0,719.0266210006109
819,819.0,0.0,720.0263547906048,819.0,0.0,720.0263547906048,819.0,0.0,720.0263547906048
820,820.0,0.0,721.0260912426988,820.0,0.0,721.0260912426988,820.0,0.0,721.0260912426988
821,821.0,0.0,722.0258303302719,821.0,0.0,722.0258303302719,821.0,0.0,722.0258303302719
822,822.0,0.0,723.0255720269693,822.0,0.0,723.0255720269693,822.0,0.0,723.0255720269693
823,823.0,0.0,724.0253163066996,823.0,0.0,724.0253163066996,823.0,0.0,724.0253163066996
824,824.0,0.0,725.0250631436326,824.0,0.0,725.0250631436326,824.0,0.0,725.0250631436326
825,825.0,0.0,726.0248125121963,825.0,0.0,726.0248125121963,825.0,0.0,726.0248125121963
826,826.0,0.0,727.0245643870743,826.0,0.0,727.0245643870743,826.0,0.0,727.0245643870743
827,827.0,0.0,728.0243187432035,827.0,0.0,728.0243187432035,827.0,0.0,728.0243187432035
828,828.0,0.0,729.0240755557714,828.0,0.0,729.0240755557714,828.0,0.0,729.0240755557714
829,829.0,0.0,730.0238348002136,829.0,0.0,730.0238348002136,829.0,0.0,730.0238348002136
830,830.0,0.0,731.0235964522115,830.0,0.0,731.0235964522115,830.0,0.0,731.0235964522115
831,831.0,0.0,732.0233604876894,831.0,0.0,732.0233604876894,831.0,0.0,732.0233604876894
832,832.0,0.0,733.0231268828126,832.0,0.0,733.0231268828126,832.0,0.0,733.0231268828126
833,833.0,0.0,734.0228956139845,833.0,0.0,734.0228956139845,833.0,0.0,734.0228956139845
834,834.0,0.0,735.0226666578446,834.0,0.0,735.0226666578446,834.0,0.0,735.0226666578446
835,835.0,0.0,736.0224399912662,835.0,0.0,736.0224399912662,835.0,0.0,736.0224399912662
836,836.0,0.0,737.0222155913535,836.0,0.0,737.0222155913535,836.0,0.0,737.0222155913535
837,837.0,0.0,738.02199343544,837.0,0.0,738.02199343544,837.0,0.0,738.02199343544
838,838.0,0.0,739.0217735010856,838.0,0.0,739.0217735010856,838.0,0.0,739.0217735010856
839,839.0,0.0,740.0215557660747,839.0,0.0,740.0215557660747,839.0,0.0,740.0215557660747
840,840.0,0.0,741.0213402084139,840.0,0.0,741.0213402084139,840.0,0.0,741.0213402084139
841,841.0,0.0,742.0211268063297,841.0,0.0,742.0211268063297,841.0,0.0,742.0211268063297
842,842.0,0.0,743.0209155382663,842.0,0.0,743.0209155382663,842.0,0.0,743.0209155382663
843,843.0,0.0,744.0207063828836,843.0,0.0,744.0207063828836,843.0,0.0,744.0207063828836
844,844.0,0.0,745.0204993190548,844.0,0.0,745.0204993190548,844.0,0.0,745.0204993190548
845,845.0,0.0,746.0202943258643,845.0,0.0,746.0202943258643,845.0,0.0,746.0202943258643
846,846.0,0.0,747.0200913826056,846.0,0.0,747.0200913826056,846.0,0.0,747.0200913826056
847,847.0,0.0,748.0198904687796,847.0,0.0,748.0198904687796,847.0,0.0,748.0198904687796
848,848.0,0.0,749.0196915640919,848.0,0.0,749.0196915640919,848.0,0.0,749.0196915640919
849,849.0,0.0,750.019494648451,849.0,0.0,750.019494648451,849.0,0.0,750.019494648451
850,850.0,0.0,751.0192997019665,850.0,0.0,751.0192997019665,850.0,0.0,751.0192997019665
851,851.0,0.0,752.0191067049468,851.0,0.0,752.0191067049468,851.0,0.0,752.0191067049468
852,852.0,0.0,753.0189156378973,852.0,0.0,753.0189156378973,852.0,0.0,753.0189156378973
853,853.0,0.0,754.0187264815183,853.0,0.0,754.0187264815183,853.0,0.0,754.0187264815183
854,854.0,0.0,755.0185392167031,854.0,0.0,755.0185392167031,854.0,0.0,755.0185392167031
855,855.0,0.0,756.018353824536,855.0,0.0,756.018353824536,855.0,0.0,756.018353824536
856,856.0,0.0,757.0181702862907,856.0,0.0,757.0181702862907,856.0,0.0,757.0181702862907
857,857.0,0.0,758.0179885834278,857.0,0.0,758.0179885834278,857.0,0.0,758.0179885834278
858,858.0,0.0,759.0178086975936,858.0,0.0,759.0178086975936,858.0,0.0,759.0178086975936
859,859.0,0.0,760.0176306106177,859.0,0.0,760.0176306106177,859.0,0.0,760.0176306106177
860,860.0,0.0,761.0174543045116,860.0,0.0,761.0174543045116,860.0,0.0,761.0174543045116
861,861.0,0.0,762.0172797614665,861.0,0.0,762.0172797614665,861.0,0.0,762.0172797614665
862,862.0,0.0,763.0171069638518,862.0,0.0,763.0171069638518,862.0,0.0,763.0171069638518
863,863.0,0.0,764.0169358942132,863.0,0.0,764.0169358942132,863.0,0.0,764.0169358942132
864,864.0,0.0,765.0167665352711,864.0,0.0,765.0167665352711,864.0,0.0,765.0167665352711
865,865.0,0.0,766.0165988699184,865.0,0.0,766.0165988699184,865.0,0.0,766.0165988699184
866,866.0,0.0,767.0164328812192,866.0,0.0,767.0164328812192,866.0,0.0,767.0164328812192
867,867.0,0.0,768.0162685524069,867.0,0.0,768.0162685524069,867.0,0.0,768.0162685524069
868,868.0,0.0,769.0161058668828,868.0,0.0,769.0161058668828,868.0,0.0,769.0161058668828
869,869.0,0.0,770.0159448082139,869.0,0.0,770.0159448082139,869.0,0.0,770.0159448082139
870,870.0,0.0,771.0157853601319,870.0,0.0,771.0157853601319,870.0,0.0,771.0157853601319
871,871.0,0.0,772.0156275065306,871.0,0.0,772.0156275065306,871.0,0.0,772.0156275065306
872,872.0,0.0,773.0154712314653,872.0,0.0,773.0154712314653,872.0,0.0,773.0154712314653
873,873.0,0.0,774.0153165191507,873.0,0.0,774.0153165191507,873.0,0.0,774.0153165191507
874,874.0,0.0,775.0151633539592,874.0,0.0,775.0151633539592,874.0,0.0,775.0151633539592
875,875.0,0.0,776.0150117204196,875.0,0.0,776.0150117204196,875.0,0.0,776.0150117204196
876,876.0,0.0,777.0148616032154,876.0,0.0,777.0148616032154,876.0,0.0,777.0148616032154
877,877.0,0.0,778.0147129871832,877.0,0.0,778.0147129871832,877.0,0.0,778.0147129871832
878,878.0,0.0,779.0145658573114,878.0,0.0,779.0145658573114,878.0,0.0,779.0145658573114
879,879.0,0.0,780.0144201987382,879.0,0.0,780.0144201987382,879.0,0.0,780.0144201987382
880,880.0,0.0,781.0142759967508,880.0,0.0,781.0142759967508,880.0,0.0,781.0142759967508
881,881.0,0.0,782.0141332367833,881.0,0.0,782.0141332367833,881.0,0.0,782.0141332367833
882,882.0,0.0,783.0139919044155,882.0,0.0,783.0139919044155,882.0,0.0,783.0139919044155
883,883.0,0.0,784.0138519853714,883.0,0.0,784.0138519853714,883.0,0.0,784.0138519853714
884,884.0,0.0,785.0137134655178,884.0,0.0,785.0137134655178,884.0,0.0,785.0137134655178
885,885.0,0.0,786.0135763308626,885.0,0.0,786.0135763308626,885.0,0.0,786.0135763308626
886,886.0,0.0,787.013440567554,886.0,0.0,787.013440567554,886.0,0.0,787.013440567554
887,887.0,0.0,788.0133061618784,887.0,0.0,788.0133061618784,887.0,0.0,788.0133061618784
888,888.0,0.0,789.0131731002596,888.0,0.0,789.0131731002596,888.0,0.0,789.0131731002596
889,889.0,0.0,790.0130413692569,889.0,0.0,790.0130413692569,889.0,0.0,790.0130413692569
890,890.0,0.0,791.0129109555644,890.0,0.0,791.0129109555644,890.0,0.0,791.0129109555644
891,891.0,0.0,792.0127818460087,891.0,0.0,792.0127818460087,891.0,0.0,792.0127818460087
892,892.0,0.0,793.0126540275486,892.0,0.0,793.0126540275486,892.0,0.0,793.0126540275486
893,893.0,0.0,794.0125274872731,893.0,0.0,794.0125274872731,893.0,0.0,794.0125274872731
894,894.0,0.0,795.0124022124005,894.0,0.0,795.0124022124005,894.0,0.0,795.0124022124005
895,895.0,0.0,796.0122781902766,895.0,0.0,796.0122781902766,895.0,0.0,796.0122781902766
896,896.0,0.0,797.0121554083738,896.0,0.0,797.0121554083738,896.0,0.0,797.0121554083738
897,897.0,0.0,798.01203385429,897.0,0.0,798.01203385429,897.0,0.0,798.01203385429
898,898.0,0.0,799.0119135157472,898.0,0.0,799.0119135157472,898.0,0.0,799.0119135157472
899,899.0,0.0,800.0117943805898,899.0,0.0,800.0117943805898,899.0,0.0,800.0117943805898
900,900.0,0.0,801.0116764367839,900.0,0.0,801.0116764367839,900.0,0.0,801.0116764367839
901,901.0,0.0,802.0115596724161,901.0,0.0,802.0115596724161,901.0,0.0,802.0115596724161
902,902.0,0.0,803.0114440756919,902.0,0.0,803.0114440756919,902.0,0.0,803.0114440756919
903,903.0,0.0,804.0113296349349,903.0,0.0,804.0113296349349,903.0,0.0,804.0113296349349
904,904.0,0.0,805.0112163385855,904.0,0.0,805.0112163385855,904.0,0.0,805.0112163385855
905,905.0,0.0,806.0111041751996,905.0,0.0,806.0111041751996,905.0,0.0,806.0111041751996
906,906.0,0.0,807.0109931334478,906.0,0.0,807.0109931334478,906.0,0.0,807.0109931334478
907,907.0,0.0,808.0108832021133,907.0,0.0,808.0108832021133,907.0,0.0,808.0108832021133
908,908.0,0.0,809.0107743700922,908.0,0.0,809.0107743700922,908.0,0.0,809.0107743700922
909,909.0,0.0,810.0106666263913,909.0,0.0,810.0106666263913,909.0,0.0,810.0106666263913
910,910.0,0.0,811.0105599601274,910.0,0.0,811.0105599601274,910.0,0.0,811.0105599601274
911,911.0,0.0,812.0104543605261,911.0,0.0,812.0104543605261,911.0,0.0,812.0104543605261
912,912.0,0.0,813.0103498169208,912.0,0.0,813.0103498169208,912.0,0.0,813.0103498169208
913,913.0,0.0,814.0102463187516,913.0,0.0,814.0102463187516,913.0,0.0,814.0102463187516
914,914.0,0.0,815.010143855564,914.0,0.0,815.010143855564,914.0,0.0,815.010143855564
915,915.0,0.0,816.0100424170083,915.0,0.0,816.0100424170083,915.0,0.0,816.0100424170083
916,916.0,0.0,817.0099419928382,916.0,0.0,817.0099419928382,916.0,0.0,817.0099419928382
917,917.0,0.0,818.0098425729097,917.0,0.0,818.0098425729097,917.0,0.0,818.0098425729097
918,918.0,0.0,819.0097441471808,918.0,0.0,819.0097441471808,918.0,0.0,819.0097441471808
919,919.0,0.0,820.009646705709,919.0,0.0,820.009646705709,919.0,0.0,820.009646705709
920,920.0,0.0,821.009550238652,920.0,0.0,821.009550238652,920.0,0.0,821.009550238652
921,921.0,0.0,822.0094547362655,921.0,0.0,822.0094547362655,921.0,0.0,822.0094547362655
922,922.0,0.0,823.0093601889029,922.0,0.0,823.0093601889029,922.0,0.0,823.0093601889029
923,923.0,0.0,824.0092665870138,923.0,0.0,824.0092665870138,923.0,0.0,824.0092665870138
924,924.0,0.0,825.0091739211437,924.0,0.0,825.0091739211437,924.0,0.0,825.0091739211437
925,925.0,0.0,826.0090821819322,925.0,0.0,826.0090821819322,925.0,0.0,826.0090821819322
926,926.0,0.0,827.0089913601129,926.0,0.0,827.0089913601129,926.0,0.0,827.0089913601129
927,927.0,0.0,828.0089014465117,927.0,0.0,828.0089014465117,927.0,0.0,828.0089014465117
928,928.0,0.0,829.0088124320465,928.0,0.0,829.0088124320465,928.0,0.0,829.0088124320465
929,929.0,0.0,830.008724307726,929.0,0.0,830.008724307726,929.0,0.0,830.008724307726
930,930.0,0.0,831.0086370646486,930.0,0.0,831.0086370646486,930.0,0.0,831.0086370646486
931,931.0,0.0,832.0085506940022,931.0,0.0,832.0085506940022,931.0,0.0,832.0085506940022
932,932.0,0.0,833.0084651870623,932.0,0.0,833.0084651870623,932.0,0.0,833.0084651870623
933,933.0,0.0,834.0083805351917,933.0,0.0,834.0083805351917,933.0,0.0,834.0083805351917
934,934.0,0.0,835.0082967298398,934.0,0.0,835.0082967298398,934.0,0.0,835.0082967298398
935,935.0,0.0,836.0082137625415,935.0,0.0,836.0082137625415,935.0,0.0,836.0082137625415
936,936.0,0.0,837.008131624916,936.0,0.0,837.008131624916,936.0,0.0,837.008131624916
937,937.0,0.0,838.0080503086668,937.0,0.0,838.0080503086668,937.0,0.0,838.0080503086668
938,938.0,0.0,839.0079698055802,938.0,0.0,839.0079698055802,938.0,0.0,839.0079698055802
939,939.0,0.0,840.0078901075243,939.0,0.0,840.0078901075243,939.0,0.0,840.0078901075243
940,940.0,0.0,841.007811206449,940.0,0.0,841.007811206449,940.0,0.0,841.007811206449
941,941.0,0.0,842.0077330943844,941.0,0.0,842.0077330943844,941.0,0.0,842.0077330943844
942,942.0,0.0,843.0076557634405,942.0,0.0,843.0076557634405,942.0,0.0,843.0076557634405
943,943.0,0.0,844.0075792058062,943.0,0.0,844.0075792058062,943.0,0.0,844.0075792058062
944,944.0,0.0,845.0075034137482,944.0,0.0,845.0075034137482,944.0,0.0,845.0075034137482
945,945.0,0.0,846.0074283796107,945.0,0.0,846.0074283796107,945.0,0.0,846.0074283796107
946,946.0,0.0,847.0073540958147,946.0,0.0,847.0073540958147,946.0,0.0,847.0073540958147
947,947.0,0.0,848.0072805548565,947.0,0.0,848.0072805548565,947.0,0.0,848.0072805548565
948,948.0,0.0,849.0072077493079,948.0,0.0,849.0072077493079,948.0,0.0,849.0072077493079
949,949.0,0.0,850.0071356718148,949.0,0.0,850.0071356718148,949.0,0.0,850.0071356718148
950,950.0,0.0,851.0070643150966,950.0,0.0,851.0070643150966,950.0,0.0,851.0070643150966
951,951.0,0.0,852.0069936719457,951.0,0.0,852.0069936719457,951.0,0.0,852.0069936719457
952,952.0,0.0,853.0069237352262,952.0,0.0,853.0069237352262,952.0,0.0,853.0069237352262
953,953.0,0.0,854.006854497874,953.0,0.0,854.006854497874,953.0,0.0,854.006854497874
954,954.0,0.0,855.0067859528951,954.0,0.0,855.0067859528951,954.0,0.0,855.0067859528951
955,955.0,0.0,856.0067180933661,955.0,0.0,856.0067180933661,955.0,0.0,856.0067180933661
956,956.0,0.0,857.0066509124325,956.0,0.0,857.0066509124325,956.0,0.0,857.0066509124325
957,957.0,0.0,858.0065844033082,957.0,0.0,858.0065844033082,957.0,0.0,858.0065844033082
958,958.0,0.0,859.0065185592752,958.0,0.0,859.0065185592752,958.0,0.0,859.0065185592752
959,959.0,0.0,860.0064533736825,959.0,0.0,860.0064533736825,959.0,0.0,860.0064533736825
960,960.0,0.0,861.0063888399457,960.0,0.0,861.0063888399457,960.0,0.0,861.0063888399457
961,961.0,0.0,862.0063249515462,961.0,0.0,862.0063249515462,961.0,0.0,862.0063249515462
962,962.0,0.0,863.0062617020307,962.0,0.0,863.0062617020307,962.0,0.0,863.0062617020307
963,963.0,0.0,864.0061990850104,963.0,0.0,864.0061990850104,963.0,0.0,864.0061990850104
964,964.0,0.0,865.0061370941603,964.0,0.0,865.0061370941603,964.0,0.0,865.0061370941603
965,965.0,0.0,866.0060757232187,965.0,0.0,866.0060757232187,965.0,0.0,866.0060757232187
966,966.0,0.0,867.0060149659865,966.0,0.0,867.0060149659865,966.0,0.0,867.0060149659865
967,967.0,0.0,868.0059548163266,967.0,0.0,868.0059548163266,967.0,0.0,868.0059548163266
968,968.0,0.0,869.0058952681634,968.0,0.0,869.0058952681634,968.0,0.0,869.0058952681634
969,969.0,0.0,870.0058363154818,969.0,0.0,870.0058363154818,969.0,0.0,870.0058363154818
970,970.0,0.0,871.005777952327,970.0,0.0,871.005777952327,970.0,0.0,871.005777952327
971,971.0,0.0,872.0057201728038,971.0,0.0,872.0057201728038,971.0,0.0,872.0057201728038
972,972.0,0.0,873.0056629710757,972.0,0.0,873.0056629710757,972.0,0.0,873.0056629710757
973,973.0,0.0,874.0056063413649,973.0,0.0,874.0056063413649,973.0,0.0,874.0056063413649
974,974.0,0.0,875.0055502779512,974.0,0.0,875.0055502779512,974.0,0.0,875.0055502779512
975,975.0,0.0,876.0054947751717,975.0,0.0,876.0054947751717,975.0,0.0,876.0054947751717
976,976.0,0.0,877.0054398274199,976.0,0.0,877.0054398274199,976.0,0.0,877.0054398274199
977,977.0,0.0,878.0053854291457,977.0,0.0,878.0053854291457,977.0,0.0,878.0053854291457
978,978.0,0.0,879.0053315748542,978.0,0.0,879.0053315748542,978.0,0.0,879.0053315748542
979,979.0,0.0,880.0052782591056,979.0,0.0,880.0052782591056,979.0,0.0,880.0052782591056
980,980.0,0.0,881.0052254765145,980.0,0.0,881.0052254765145,980.0,0.0,881.0052254765145
981,981.0,0.0,882.0051732217494,981.0,0.0,882.0051732217494,981.0,0.0,882.0051732217494
982,982.0,0.0,883.0051214895319,982.0,0.0,883.0051214895319,982.0,0.0,883.0051214895319
983,983.0,0.0,884.0050702746366,983.0,0.0,884.0050702746366,983.0,0.0,884.0050702746366
984,984.0,0.0,885.0050195718903,984.0,0.0,885.0050195718903,984.0,0.0,885.0050195718903
985,985.0,0.0,886.0049693761714,985.0,0.0,886.0049693761714,985.0,0.0,886.0049693761714
986,986.0,0.0,887.0049196824096,986.0,0.0,887.0049196824096,986.0,0.0,887.0049196824096
987,987.0,0.0,888.0048704855856,987.0,0.0,888.0048704855856,987.0,0.0,888.0048704855856
988,988.0,0.0,889.0048217807297,988.0,0.0,889.0048217807297,988.0,0.0,889.0048217807297
989,989.0,0.0,890.0047735629224,989.0,0.0,890.0047735629224,989.0,0.0,890.0047735629224
990,990.0,0.0,891.0047258272932,990.0,0.0,891.0047258272932,990.0,0.0,891.0047258272932
991,991.0,0.0,892.0046785690203,991.0,0.0,892.0046785690203,991.0,0.0,892.0046785690203
992,992.0,0.0,893.00463178333,992.0,0.0,893.00463178333,992.0,0.0,893.00463178333
993,993.0,0.0,894.0045854654967,993.0,0.0,894.0045854654967,993.0,0.0,894.0045854654967
994,994.0,0.0,895.0045396108418,994.0,0.0,895.0045396108418,994.0,0.0,895.0045396108418
995,995.0,0.0,896.0044942147334,995.0,0.0,896.0044942147334,995.0,0.0,896.0044942147334
996,996.0,0.0,897.0044492725862,996.0,0.0,897.0044492725862,996.0,0.0,897.0044492725862
997,997.0,0.0,898.0044047798604,997.0,0.0,898.0044047798604,997.0,0.0,898.0044047798604
998,998.0,0.0,899.0043607320617,998.0,0.0,899.0043607320617,998.0,0.0,899.0043607320617
999,999.0,0.0,900.0043171247411,999.0,0.0,900.0043171247411,999.0,0.0,900.0043171247411
