step,mean,std,ema
0,7.385867549180984,3.9821256852944322,7.385867549180984
1,7.382369270324707,3.979097736063385,7.385832566392422
2,7.371578997373581,3.9746833646175697,7.385690030702233
3,7.348111513853073,3.968746895616912,7.385314245533742
4,7.309992178678512,3.9615207099481364,7.38456102486519
5,7.25824989438057,3.954779923937072,7.383297913560344
6,7.196435654163361,3.9520784471068655,7.381429290966374
7,7.130362811088562,3.9579550449551792,7.378918626167596
8,7.066591252088546,3.9765106494432163,7.375795352426805
9,7.01127965092659,4.01108567493724,7.372150195411803
10,7.108880369663239,4.154183147701743,7.369517497154317
11,7.086315215826034,4.227960963553284,7.366685474341034
12,7.085778262615204,4.319476649890613,7.363876402223776
13,7.161777399778366,4.444311932890516,7.361855412199322
14,7.204945287704468,4.573140513820311,7.360286310954374
15,7.0827896797657015,4.644323049063452,7.357511344642487
16,7.00199048280716,4.519286186998154,7.3539561360241334
17,7.10932447552681,4.663416708647378,7.35150981941916
18,7.279569411277771,4.774931809338074,7.350790415337746
19,7.099414331912994,4.674992258797564,7.348276654503499
20,7.122394236326218,4.664622564212575,7.346017830321726
21,7.201741536855698,4.7329995149359805,7.344575067387066
22,6.909032856225967,4.407217374493083,7.340219645275455
23,6.881375875473022,4.437219546850979,7.335631207577431
24,6.517051062583923,4.086310956778389,7.327445406127496
25,6.59756555557251,4.164815080117734,7.320146607621946
26,6.573437080383301,4.095469225902861,7.312679512349559
27,6.614675930738449,4.167334283312102,7.305699476533449
28,6.662741566896439,4.246477228131302,7.299269897437079
29,6.4765130805969235,4.167008735314766,7.291042329268677
30,6.569228888750076,4.223104554621346,7.283824194863492
31,6.491550861597061,4.023121663264917,7.275901461530827
32,6.322263035774231,3.790365962118436,7.266365077273261
33,6.361611441373825,3.6713682465137834,7.257317540914267
34,6.516394934654236,3.8247035925904647,7.249908314851667
35,6.548953411579132,3.8370183508101867,7.242898765818941
36,6.42360605597496,3.6306424838057794,7.234705838720501
37,6.4722924554348,3.6682799578631586,7.227081704887644
38,6.437247976064682,3.684465618365983,7.219183367599415
39,6.443854718208313,3.707925284169081,7.2114300811055045
40,6.480101907253266,3.7386889173860207,7.204116799366982
41,6.5698889791965485,3.828315585087473,7.197774521165278
42,6.650912791490555,3.8646052710507983,7.19230590386853
43,6.6740279400348665,3.9243661045110523,7.187123124230194
44,6.717484350204468,3.9801283102321485,7.182426736489936
45,6.926473724842071,4.051006997180953,7.179867206373458
46,6.960132672786712,4.1147321806070645,7.17766986103759
47,6.8038194727897645,3.9007627405082532,7.173931357155112
48,6.9091309070587155,3.9381446566611498,7.171283352654148
49,6.850858478546143,3.9259918959974027,7.168079103913068
50,6.9271356236934665,3.925946439698095,7.165669669110872
51,7.167405693531037,4.061357731414837,7.165687029355073
52,7.090342863798141,3.8430888151462077,7.164933587699504
53,7.157722824811936,3.9568059849383945,7.164861480070628
54,6.955718868970871,3.757824790995907,7.162770053959631
55,7.011852240562439,3.8038290473083207,7.161260875825659
56,6.905370762348175,3.813190980706502,7.158701974690884
57,6.9347410488128665,3.861051600657989,7.156462365432104
58,6.907798427343368,3.810797092762141,7.153975726051216
59,6.952242740392685,3.867760977732484,7.15195839619463
60,7.082856723070145,3.974576530806511,7.151267379463384
61,7.046946065425873,3.7328914767897783,7.150224166323009
62,7.0271341562271115,3.8262940099562086,7.14899326622205
63,6.8185829830169675,3.6844824424948275,7.145689163389998
64,6.9679638957977295,3.7466921732145515,7.143911910714075
65,6.681340273618698,3.6370732645934623,7.139286194343121
66,6.721080611944199,3.7387273774848047,7.135104138519131
67,6.679638361930847,3.7246833122524268,7.130549480753249
68,6.785935255289078,3.86967595918946,7.127103338498608
69,6.8154137063026425,3.962857132341774,7.123986442176649
70,6.932059458494186,4.096634541817858,7.122067172339824
71,6.619624865055084,4.064276243705267,7.117042749266976
72,6.514989860057831,3.804174955106754,7.111022220374885
73,6.553999609947205,3.8693658243618425,7.1054519942706085
74,6.696129462718964,3.985822565211703,7.101358768955092
75,6.770162932872772,4.0418189020070825,7.098046810594268
76,6.868103609085083,4.145811668319033,7.095747378579176
77,6.818897105455399,4.128075364904672,7.092978875847939
78,6.729929481744766,4.056107196860379,7.089348381906907
79,6.792798254489899,4.0440338939152864,7.086382880632737
80,6.825480382442475,4.092822896942395,7.083773855650834
81,6.798808622360229,4.040812620228223,7.080924203317927
82,6.752786504030228,4.0839042998005235,7.077642826325051
83,6.589267581701279,3.983260714835526,7.072759073878814
84,6.574374345541,3.959656362727155,7.067775226595436
85,6.55750815153122,3.9952883291788344,7.062672555844794
86,6.627447378635407,4.07238481504385,7.0583203040727005
87,6.6076930499076845,4.0549876590027765,7.05381403153105
88,6.622802944183349,4.08232934621401,7.049503920657573
89,6.659251102209091,4.066677708319687,7.045601392473088
90,6.654501118659973,3.9345919100643605,7.041690389734957
91,6.80553829908371,4.040773899009643,7.039328868828445
92,6.710980350971222,3.927985671521264,7.036045383649873
93,6.631240327358245,3.9676526069611673,7.031997333086957
94,6.654519687891007,4.0769281734751175,7.028222556634997
95,6.7871154284477235,3.999662246527841,7.025811485353124
96,6.77613804101944,4.036677831670981,7.023314750909788
97,6.7196754813194275,3.941784920725415,7.020278358213884
98,6.802296955585479,4.031167508067236,7.0180985441876
99,6.884822465181351,4.124126978563211,7.016765783397537
100,6.739414010047913,4.0094734939481755,7.013992265664041
101,6.792218779325485,4.033892909310798,7.011774530800656
102,6.757115126848221,3.97719445372767,7.009227936761132
103,6.821745915412903,3.9939368108148594,7.007353116547649
104,6.9625294601917265,4.104486462081011,7.00690487998409
105,6.9063946676254275,4.034612151325528,7.005899777860503
106,7.0182219660282135,4.048250253615301,7.00602299974218
107,6.9768223428726195,4.053284058213716,7.005730993173485
108,6.992111324071884,3.9998443073292353,7.005594796482469
109,7.074023449420929,4.05830491789664,7.0062790830118535
110,7.064955829381943,4.105495367755077,7.006865850475554
111,7.090768208503723,4.125713753571666,7.007704874055836
112,6.901242570877075,3.9194786691050103,7.006640251024049
113,6.954189853668213,3.8284519268617268,7.00611574705049
114,7.022010717391968,3.909441651746841,7.006274696753905
115,7.043000020384788,3.949518874495042,7.006641949990213
116,7.101074239015579,4.076738622025647,7.0075862728804665
117,7.221505270600319,4.240691701457727,7.009725462857665
118,7.245542904734611,4.283193365493169,7.012083637276434
119,7.178701855540275,4.196905167094333,7.013749819459073
120,7.254729498028755,4.215701194466511,7.01615961624477
121,7.300349344611168,4.271369246587565,7.019001513528433
122,7.188782993555069,4.231977811080028,7.0206993283287
123,7.145412203669548,4.294655835691163,7.021946457082108
124,7.058612169027328,4.133294791455585,7.022313114201561
125,7.034934338927269,4.222246759400184,7.022439326448818
126,7.114778442382812,4.295253603500399,7.0233627176081574
127,6.974104776978493,4.064123753773187,7.022870138201861
128,6.993141712546349,4.134748641390411,7.022572853945306
129,6.958912655115127,3.9335931217145057,7.021936251957004
130,6.8847416633367535,3.898147891873514,7.020564306070802
131,6.900617754459381,3.9327643953429057,7.019364840554688
132,6.89243772149086,3.933082843743107,7.01809556936405
133,7.053753662705422,3.9789864596738544,7.018452150297464
134,7.092099640369415,4.026728178665987,7.019188625198184
135,6.889778022766113,3.8428026009806913,7.017894519173863
136,6.851221852302551,3.839913277090643,7.01622779250515
137,6.796071357727051,3.6667078961429365,7.014026228157369
138,6.885560542345047,3.701536355658633,7.012741571299245
139,6.844373610019684,3.701758278387518,7.01105789168645
140,6.821250704526901,3.716161804387719,7.009159819814855
141,6.808921605348587,3.81103840205002,7.007157437670192
142,6.752487881183624,3.8846989534768515,7.004610742105326
143,6.749802515506745,3.913030084694385,7.002062659839341
144,6.7203716063499455,3.9264955190123683,6.999245749304447
145,6.659502807855606,3.9669871994747234,6.995848319889959
146,6.645913054943085,4.082062434980792,6.99234896724049
147,6.690838757753372,4.169757226293184,6.9893338651456185
148,6.527750070691109,3.9603376903649425,6.984718027201073
149,6.55702908039093,4.0566499721669125,6.980441137732972
150,6.577850927710533,4.15757995558341,6.976415235632747
151,6.449896732568741,3.9415137402266756,6.971150050602107
152,6.439820973277092,3.966937659143172,6.965836759828857
153,6.50574556350708,4.1273384168781755,6.961235847865639
154,6.6080420506000515,4.199814029064107,6.957703909892983
155,6.431642293930054,4.11144022547729,6.952443293733353
156,6.360777199268341,4.121385016044845,6.946526632788703
157,6.4968493461608885,4.1858289985470645,6.942029859922425
158,6.504615108966828,4.210141359351978,6.937655712412869
159,6.57019976735115,4.246654952280337,6.933981152962251
160,6.506775509119034,4.167267330008215,6.929709096523819
161,6.4756832957267765,4.123170181957693,6.925168838515848
162,6.505990392565727,4.17871930960674,6.9209770540563476
163,6.547823315262795,4.253515891791301,6.9172455166684115
164,6.498942001461983,4.275482822625562,6.913062481516348
165,6.582165672779083,4.326883044457429,6.909753513428975
166,6.71834704875946,4.463247189641623,6.90783944878228
167,6.634729244709015,4.473700665614233,6.905108346741547
168,6.812605811357498,4.546024057857221,6.904183321387706
169,6.8034065508842465,4.387176526810511,6.903175553682672
170,6.638545356988907,4.222075754888254,6.900529251715735
171,6.646727699041366,4.31119273374987,6.897991236188991
172,6.661879109144211,4.401687617755333,6.895630114918544
173,6.880360909700394,4.514855550786817,6.895477422866362
174,6.391375110149384,3.7606957343796026,6.890436399739192
175,6.417805925607682,3.7983888164780364,6.885710094997877
176,6.326173450946808,3.836923480480559,6.880114728557366
177,6.341174919605255,3.8950258599340226,6.874725330467845
178,6.2856440150737765,3.7455269277655887,6.868834517313904
179,6.339414167404175,3.827371328384158,6.8635403138148074
180,6.434348700046539,3.734763340666123,6.859248397677125
181,6.334399034976959,3.6801832381553727,6.853999904050124
182,6.355442513227462,3.7042083543371715,6.849014330141897
183,6.394353963136673,3.733760136610779,6.844467726471844
184,6.342845277786255,3.773145939227098,6.839451501984988
185,6.2186042314767835,3.7318707705357275,6.833243029279907
186,6.251753165721893,3.9106571058039163,6.827428130644327
187,6.166581699848175,3.875335109154623,6.820819666336365
188,6.1281982517242435,3.7827908419789606,6.813893452190244
189,6.16171116232872,3.7310116022172153,6.807371629291628
190,6.178221465349197,3.7707644651516685,6.801080127652204
191,6.100250900387764,3.753114854020791,6.79407183537956
192,6.076228528618812,3.754740988614427,6.786893402311953
193,6.146236091852188,3.876804787751923,6.780486829207355
194,5.991145615577698,3.460730451594847,6.772593417071058
195,6.005686538219452,3.495801970524376,6.764924348282542
196,5.9909303373098375,3.6947586698326536,6.757184408172815
197,5.975940297842026,3.7060072772913504,6.749371967069507
198,6.113531554937363,3.739249763102712,6.743013562948185
199,6.289385961294174,3.853083280839831,6.738477286931645
200,6.511618248224258,4.094483664987336,6.736208696544571
201,6.523431552648544,4.106841042496311,6.73408092510561
202,6.647556450366974,4.155188685037982,6.733215680358224
203,6.582748030424118,4.221487266878497,6.731711003858884
204,6.461742123365402,4.138755571745338,6.729011315053949
205,6.499379042387009,4.163365655766486,6.726714992327279
206,6.5768076145648955,4.214883015724059,6.725215918549655
207,6.686784772872925,4.367509300280988,6.724831607092888
208,6.720978006124496,4.400517887266134,6.724793071083204
209,6.789162181615829,4.449473949350263,6.72543676218853
210,6.809124839305878,4.493203328706459,6.726273642959704
211,6.634890089035034,4.3920119211802024,6.725359807420458
212,6.6790426015853885,4.426059857502984,6.724896635362107
213,6.735064420700073,4.316535768657194,6.724998313215487
214,6.8032674992084505,4.3578619100039,6.725781005075417
215,6.99156725525856,4.602582772421348,6.728438867577249
216,7.054585653543472,4.64168788785869,6.731700335436911
217,6.99805229306221,4.54895703716833,6.734363855013164
218,6.998016784191131,4.4378155795488325,6.7370003843049435
219,7.058250079154968,4.470745328153309,6.740212881253443
220,6.988580923080445,4.278301634074986,6.742696561671713
221,7.03935042142868,4.308790931258457,6.745663100269282
222,7.129332811832428,4.263707706333812,6.749499797384914
223,6.807304517030716,3.9180920050070385,6.750077844581372
224,6.86448498249054,3.928066953309802,6.751221915960464
225,6.947557291984558,3.98301443793585,6.753185269720705
226,7.079941078424453,4.0672289728369515,6.756452827807743
227,7.213850804567337,4.147489896871419,6.761026807575339
228,7.022590777873993,3.953186697796521,6.763642447278325
229,7.130178108215332,4.032254490362711,6.767307803887696
230,6.937555173635483,3.781144183847114,6.769010277585174
231,6.878687623739243,3.7038771326337225,6.770107051046715
232,6.929346472024918,3.7209171517218445,6.7716994452564965
233,6.995155628919601,3.7141948962824856,6.7739340070931275
234,6.987602435350418,3.753893577873281,6.7760706913757005
235,6.888427367210388,3.7435512192237934,6.777194258134048
236,6.95005406498909,3.735472385195899,6.778922856202598
237,6.97383039355278,3.8226998002154597,6.7808719315761
238,6.597989747524261,3.459559427726324,6.779043109735582
239,6.616562622785568,3.4819085785084525,6.7774183048660825
240,6.641628359556198,3.5086441167476003,6.776060405412984
241,6.6742044699192045,3.540959503251773,6.775041846058047
242,6.673235809803009,3.6176313012453227,6.774023785695497
243,6.64447132229805,3.6135097780570815,6.7727282610615225
244,6.734846813678741,3.6858540022524036,6.772349446587694
245,6.8221819460391995,3.842762732191548,6.772847771582209
246,6.85784595131874,3.89766443088336,6.773697753379574
247,6.862835836410523,3.9477985367407813,6.774589134209883
248,7.073853719234466,4.153855990087735,6.777581780060128
249,7.095694873332977,4.286134074216343,6.780762910992856
250,7.015258842706681,4.343240256323953,6.783107870309995
251,7.028422598242759,4.3516761298858055,6.785561017589322
252,7.095396527051926,4.385754136609916,6.788659372683948
253,6.974978193640709,4.278205476445115,6.790522560893515
254,6.932283372879028,4.3040149822543485,6.79194016901337
255,6.979476552009583,4.355101437256223,6.7938155328433325
256,7.049100464582443,4.46406848090972,6.796368382160724
257,6.944475800991058,4.254950018726418,6.797849456349027
258,6.9910747641325,4.2988486733186315,6.7997817094268616
259,6.9381510031223295,4.228303766260201,6.801165402363816
260,7.137942907214165,4.342690372280745,6.80453317741232
261,7.197258454561234,4.402130834249022,6.808460430183809
262,7.266496014595032,4.425095640755126,6.813040786027922
263,7.111507855057717,4.265819349485103,6.81602545671822
264,7.211532083749771,4.3205595038401485,6.819980522988536
265,7.177851521968842,4.336161264149257,6.823559232978339
266,6.994411243200302,3.953896890333335,6.825267753080559
267,7.002392165660858,3.980263601217486,6.827038997206362
268,6.895918869972229,3.9230302420597654,6.82772779593402
269,6.909214715957642,3.945122401868034,6.828542665134257
270,6.869848632216454,3.854515208827654,6.828955724805079
271,6.810223604440689,3.755523106490919,6.828768403601435
272,6.751100771427154,3.7984444213102817,6.827991727279692
273,6.793651294708252,3.8418071066972512,6.827648322953978
274,6.828620729446411,3.6555183861684863,6.827658047018902
275,6.846517158746719,3.6424128028359344,6.82784663813618
276,6.896868335008621,3.633609168431226,6.828536855104905
277,6.813016443252564,3.531545082517254,6.8283816509863815
278,6.555053530335426,3.320954085808305,6.825648369779872
279,6.635638536214828,3.407349680720502,6.823748271444221
280,6.691760811805725,3.4864618231005466,6.822428396847836
281,6.775389314889908,3.596361939533801,6.8219580060282565
282,6.75944699883461,3.6066890800170426,6.82133289595632
283,6.667238288521767,3.500000923873921,6.8197919498819735
284,6.707133870720863,3.5455608085632195,6.818665369090362
285,6.703271007537841,3.5763569180769976,6.817511425474836
286,6.744059206843376,3.620609891999343,6.816776903288522
287,6.821662884354591,3.567093605916652,6.816825763099183
288,6.8664333736896515,3.631246245256858,6.817321839205087
289,6.9366520768404,3.74540234585794,6.8185151415814405
290,6.996021428108215,3.8382258892728873,6.8202902044467075
291,7.108781298398972,4.000083151613772,6.82317511538623
292,7.094973472356796,4.047075370582366,6.825893098955936
293,7.167810257673263,4.059531374614585,6.829312270543109
294,6.993022515773773,3.8667493768626646,6.830949372995415
295,7.003639637231827,3.914206763226096,6.8326762756377795
296,6.973731303215027,3.997932669812583,6.834086825913552
297,6.92046997666359,3.8758810736838436,6.834950657421052
298,7.016149963140488,3.8980546323102017,6.836762650478247
299,7.10938099861145,3.9709450453933917,6.839488833959579
300,7.045354156494141,3.8773822942805807,6.841547487184925
301,7.089617093801499,3.9418503755917924,6.8440281832510905
302,7.071549595594406,3.825916395148088,6.846303397374523
303,7.069774492979049,3.9019502661121996,6.848538108330569
304,7.22840848326683,4.032879567021963,6.8523368120799315
305,7.245011031627655,4.064195189407507,6.856263554275409
306,7.181202802658081,4.12293879376535,6.859512946759235
307,7.186478916406632,4.181530971956206,6.862782606455709
308,7.15173887014389,4.143600507661005,6.865672169092591
309,7.192421438694001,4.231859005287192,6.8689396617886045
310,7.2451725935935976,4.299699813813169,6.872701991106655
311,7.264852542877197,4.344724134093435,6.87662349662436
312,7.378546286821365,4.432558112729219,6.88164272452633
313,7.493511666059494,4.522765468567897,6.887761413941662
314,7.521186833381653,4.530803877316098,6.894095668136062
315,7.67814627289772,4.651664537642161,6.901936174183679
316,7.508987760543823,4.350005858690916,6.908006690047281
317,7.465707141160965,4.408608426032418,6.913583694558417
318,7.377293549776077,4.321415556340054,6.918220793110594
319,7.368192354440689,4.34196957280468,6.922720508723895
320,7.426384338140488,4.4075762389553645,6.927757147018061
321,7.350460714101791,4.363843259072909,6.931984182688898
322,7.261151087284088,4.231472524860368,6.93527585173485
323,6.981898273229599,3.5990888955654476,6.935742075949797
324,6.901027034521103,3.605552798721624,6.935394925535509
325,6.9495694065094,3.6576460479017237,6.935536670345249
326,7.020509395599365,3.7170439473561703,6.93638639759779
327,6.924500381946563,3.5882789036988894,6.936267537441278
328,6.902184652090073,3.489173214538859,6.935926708587766
329,7.08422999382019,3.591730945389766,6.93740974144009
330,7.130869315862656,3.6358678008064023,6.939344337184316
331,7.036496601104736,3.5346507594290446,6.940315859823521
332,6.978308273553848,3.535564124409128,6.940695783960824
333,6.927833659648895,3.566676321308373,6.940567162717705
334,6.918294882774353,3.5625257863335658,6.940344439918272
335,6.979037240743637,3.637996049528701,6.940731367926526
336,7.033395655155182,3.812440136004831,6.941658010798812
337,7.144894307851791,3.9319770031986905,6.943690373769342
338,7.208436214923859,4.0006374629257735,6.9463378321808875
339,7.302199432849884,4.019812599998535,6.949896448187578
340,7.06438501238823,3.671416301678387,6.951041333829584
341,7.1535117781162265,3.704020407949793,6.95306603827245
342,7.118010966777802,3.6328666205333318,6.954715487557503
343,7.103575170040131,3.652415954444053,6.956204084382329
344,7.129811440706253,3.7291040462333127,6.957940157945568
345,7.168092432022095,3.732610755825802,6.960041680686333
346,7.159148252010345,3.7979177062562273,6.962032746399574
347,7.142334079742431,3.8131340859707405,6.963835759733002
348,7.181238791942596,3.863668222302319,6.966009790055098
349,7.331293016672134,3.912774411742895,6.969662622321269
350,7.289054456949234,3.7792839672154686,6.972856540667549
351,7.1009789562225345,3.7563704693973095,6.974137764823099
352,7.136181679964065,3.7635484588162424,6.975758203974508
353,7.2569464635848995,3.9228913007366963,6.978570086570612
354,7.247701759338379,3.9378010398797056,6.98126140329829
355,7.3760670936107635,4.087158846274266,6.985209460201414
356,7.322348914146423,4.034762396233539,6.9885808547408645
357,7.2739155328273775,4.131810132382204,6.99143420152173
358,7.367265179157257,4.21834462793495,6.995192511298085
359,7.35186380982399,4.056737024177294,6.9987592242833445
360,7.435559190511704,4.142995309369766,7.003127223945628
361,7.222377016544342,3.8612073974638625,7.005319721871616
362,7.219032222032547,3.978424470457002,7.007456846873225
363,7.318717252016068,4.060916907841104,7.0105694509246534
364,7.3116677951812745,4.108721637879221,7.01358043436722
365,7.0723522746562955,3.702497593438496,7.014168152770111
366,7.1572343337535855,3.809588063504457,7.0155988145799455
367,7.227083595991135,3.9041540768864595,7.0177136623940575
368,7.197487440109253,4.008303136582114,7.01951140017121
369,7.00268226981163,3.8195001880042616,7.019343108867614
370,7.005760275125503,3.8812266213031097,7.019207280530193
371,7.0281314074993135,4.0285295062136015,7.019296521799884
372,7.125350800752639,4.102300227472086,7.020357064589411
373,6.952459610700608,3.998859462726389,7.0196780900505225
374,7.004870918989181,4.038847792058174,7.019530018339909
375,6.993034430742264,4.03998289576819,7.019265062463933
376,6.990459871292114,4.0320128841475835,7.018977010552215
377,7.011282675266266,4.076179232634094,7.018900067199355
378,7.050350347757339,4.206938579244656,7.0192145700049355
379,7.0647873532772065,4.2703103458196034,7.019670297837658
380,7.192127568721771,4.502837893271589,7.021394870546499
381,7.438711129426956,4.683380770117497,7.025568033135303
382,7.501064710617065,4.726511723810716,7.030322999910121
383,7.43391130566597,4.648758092181754,7.0343588829676795
384,7.478549369573593,4.6152626884740595,7.038800787833739
385,7.502963086366654,4.661184424714367,7.043442410819068
386,7.401496975421906,4.570912318104541,7.047022956465097
387,7.476306363344192,4.6084061466408235,7.051315790533888
388,7.746794420480728,4.722420928140496,7.0582705768333565
389,7.47679246544838,4.371352721869693,7.062455795719507
390,7.4880142951011655,4.385301342000872,7.066711380713323
391,7.402221622467041,4.412447950705345,7.07006648313086
392,7.447225770950317,4.4344979514340634,7.073838076009055
393,7.477808438539505,4.46947372668697,7.07787777963436
394,7.6434521949291225,4.6118738208667445,7.083533523787308
395,7.705015476942062,4.548336388529467,7.089748343318856
396,7.675492670536041,4.458855841204025,7.095605786591028
397,7.677440800666809,4.530900452558081,7.101424136731786
398,7.694643107652664,4.604568330625974,7.1073563264409945
399,7.744488388299942,4.535426447173021,7.113727647059584
400,7.78480101108551,4.571641745980681,7.120438380699842
401,7.703777452707291,4.489608411861091,7.126271771419917
402,7.6555605733394625,4.440208200595246,7.131564659439113
403,7.628562222719193,4.404028603359427,7.136534635071913
404,7.290185630321503,4.10606244705013,7.138071145024409
405,7.4016868376731875,4.145531881429107,7.140707301950897
406,7.611988894939422,4.224145176097297,7.145420117880782
407,7.515656445026398,4.266861253079144,7.149122481152238
408,7.499272747039795,4.265205177411212,7.152623983811114
409,7.4768370389938354,4.308288593384532,7.15586611436294
410,7.330560714006424,3.993270088313847,7.157613060359375
411,7.286970264911652,4.015448068839999,7.158906632404897
412,7.289956775903701,4.1497059213359275,7.160217133839885
413,7.3596116065979,4.16014763197897,7.1622110785674655
414,7.1242818105220795,4.112957568689366,7.161831785887012
415,6.9310502409935,4.003244640747329,7.159523970438077
416,6.812042920589447,3.9724977839155846,7.15604915993959
417,6.601719502210617,3.710049049675761,7.150505863362301
418,6.630201706886291,3.730175138682271,7.14530282179754
419,6.396952231526375,3.6420427728767124,7.137819315894829
420,6.5032720267772675,3.7410675656987826,7.131473843003653
421,6.571148299574852,3.770214802713076,7.1258705875693655
422,6.569936847686767,3.6057052249545274,7.1203112501705395
423,6.597703158855438,3.6485901767559925,7.115085169257388
424,6.704350810050965,3.723762720810375,7.110977825665325
425,6.665184917449952,3.6886691218986916,7.106519896583171
426,6.72498604953289,3.6189421562659736,7.102704558112667
427,6.69624685883522,3.7116253111686897,7.098639981119893
428,6.7257472950220105,3.7163990750436136,7.094911054258914
429,6.832433130145073,3.784011610162138,7.092286275017776
430,6.981924691200256,4.011075453982543,7.091182659179601
431,7.024134165048599,4.075139870105694,7.090512174238291
432,6.85576959848404,3.982610151798052,7.088164748480748
433,6.927028465270996,4.072110209168343,7.08655338564865
434,6.998419026136398,4.099733777477344,7.0856720420535275
435,6.987727823257447,4.164423455475786,7.0846925998655665
436,6.97596214056015,4.246472279549315,7.083605295272513
437,6.951385741233826,4.26006838216979,7.082283099732126
438,7.0094845783710475,4.320400177747871,7.081555114518515
439,6.956488894224167,4.3765758214422,7.080304452315572
440,6.934150162935257,4.408499232938182,7.078842909421769
441,6.927918213605881,4.420101722328925,7.0773336624636105
442,7.03155228972435,4.508745906462118,7.0768758487362176
443,7.1081123650074005,4.592639411499818,7.077188213898929
444,7.246048220396042,4.706922451533922,7.078876813963901
445,7.0970912253856655,4.671424477639965,7.079058958078118
446,7.0848659420013425,4.591431133707126,7.07911702791735
447,6.940123301744461,4.135630684007825,7.077727090655621
448,6.726136053800583,3.572407374016223,7.074211180287071
449,6.705476764440537,3.4838418942837275,7.070523836128605
450,6.828760957717895,3.581511845385022,7.068106207344497
451,6.786751238107681,3.717244175265324,7.0652926576521295
452,6.654358906745911,3.6165105528233186,7.061183320143067
453,6.694681992530823,3.632474767862708,7.057518306866945
454,6.700591442584991,3.5778536327864656,7.0539490382241254
455,6.694016683101654,3.6194150027201455,7.0503497146729
456,6.749720152616501,3.703950141299981,7.0473434190523365
457,6.754009870290756,3.7434627072128066,7.0444100835647205
458,6.7296839725971225,3.6870286388259883,7.041262822455044
459,6.776773071289062,3.7318758078037693,7.0386179249433845
460,6.878103280067444,3.7969994379730174,7.037012778494625
461,7.0574340093135834,3.6951207223085816,7.037216990802814
462,7.045001957416535,3.768266314655595,7.0372948404689515
463,7.029946087598801,3.756814132119794,7.03722135294025
464,7.024623832702637,3.8193031491936154,7.037095377737874
465,7.01795738697052,3.8688602865915933,7.0369039978302
466,7.04523994922638,3.992677873019304,7.036987357344162
467,7.135599108934403,3.93384622878957,7.037973474860065
468,7.15845941066742,3.943253700898732,7.039178334218139
469,7.119876610040665,4.039089884268825,7.039985316976365
470,7.015322297811508,3.987822089857344,7.039738686784717
471,6.988524272441864,3.9637959302009156,7.0392265426412886
472,7.069259383678436,4.054321007969818,7.03952687105166
473,7.075667743682861,4.08164006286568,7.039888279777972
474,6.930125436782837,3.7802075090588922,7.0387906513480205
475,6.831612359285355,3.7125916781794737,7.036718868427394
476,6.860249661207199,3.706127514261792,7.034954176355192
477,6.883913495540619,3.750333629806712,7.033443769547047
478,6.668638821840286,3.642213870915668,7.029795720069979
479,6.704513330459594,3.6962495090572474,7.026542896173875
480,6.464782837629318,3.4588540948879296,7.0209252955884285
481,6.62485667347908,3.6351969058664375,7.016964609367335
482,6.587411671876907,3.6351674555038676,7.01266907999243
483,6.670109646320343,3.701928490500695,7.00924348565571
484,6.503653144836425,3.6436535801206777,7.004187582247518
485,6.487713235616684,3.703754449340433,6.999022838781209
486,6.396883280277252,3.6128351532008245,6.993001443196169
487,6.3331258535385135,3.525905557165103,6.986402687299592
488,6.3723261988163,3.570327592727698,6.980261922414759
489,6.183354951143265,3.3603448923484356,6.9722928527020445
490,6.293603950738907,3.4287684637137565,6.965505963682413
491,6.406842751502991,3.46832536029916,6.959919331560619
492,6.446686918735504,3.548952348777258,6.954787007432368
493,6.474234107732773,3.570596317232905,6.949981478435372
494,6.541622978448868,3.581430911839887,6.945897893435507
495,6.590687570571899,3.6381589842620934,6.942345790206871
496,6.446211482286453,3.639090332690179,6.937384447127667
497,6.412553936243057,3.571664084723228,6.9321361420188214
498,6.456355526447296,3.6075340969284824,6.927378335863106
499,6.7278531444072724,3.6450101638764725,6.925383083948548
500,6.925741385221482,3.75193001327399,6.925386666961277
501,6.974217442274093,3.8095361264900123,6.925874974714405
502,7.0164586651325225,3.884388072092513,6.926780811618586
503,7.130801277160645,3.968087199712311,6.928821016274006
504,7.04954882979393,4.067646416118016,6.9300282944092055
505,7.072076417207718,4.159726066991479,6.9314487756371905
506,6.89621921300888,4.1230786870841625,6.931096480010908
507,6.959246153831482,4.174135348203788,6.931377976749114
508,6.812368918657302,4.1754033445794505,6.930187886168197
509,6.898023195266724,4.217512593269219,6.929866239259182
510,6.951964235305786,4.290475041668557,6.930087219219647
511,6.9926371574401855,4.3843024366106675,6.9307127186018525
512,6.975978044271469,4.337361057445714,6.931165371858548
513,7.082549314498902,4.473075162465961,6.932679211284952
514,6.991605118513108,4.36297309322889,6.933268470357233
515,6.86676899433136,4.397699466035007,6.9326034755969745
516,6.825022172927857,4.263262353968392,6.931527662570283
517,6.66590294957161,4.0412921781245625,6.928871415440296
518,6.634672613143921,4.060098287438019,6.925929427417333
519,6.805665550231933,4.091161055807191,6.924726788645478
520,6.798365386724472,4.1385868799403465,6.923463174626268
521,6.8474005091190335,4.198035311402574,6.922702547971196
522,6.913793230056763,4.277169484278352,6.922613454792051
523,6.667139735221863,4.1068934955882295,6.9200587175963495
524,6.563404805660248,4.018771133216208,6.916492178476989
525,6.51865720808506,3.9564064628506292,6.912513828773069
526,6.529843625426293,3.9235266202090413,6.9086871267396015
527,6.5664736580848695,3.9675371403070314,6.905264992053054
528,6.475366894006729,3.892921925718668,6.90096601107259
529,6.648178443908692,3.99448532758098,6.8984381354009505
530,6.706097797155381,4.047118139227928,6.896514732018495
531,6.783459115028381,4.114778869035464,6.895384175848594
532,6.917952946424484,4.215123994090951,6.895609863554354
533,7.043477435708046,4.2901319203353685,6.897088539275891
534,7.053027472496033,4.251823664737386,6.898647928608092
535,6.898349987268448,4.17370922675074,6.898644949194696
536,6.900972462892533,4.226720063839407,6.898668224331674
537,6.950290802717209,4.269730900568662,6.89918445011553
538,7.0846768462657925,4.2785230912729135,6.901039374077032
539,6.862888402938843,4.024429674509149,6.900657864365651
540,6.863698600530625,4.007118750178286,6.900288271727301
541,6.892943586111069,4.060429265871729,6.900214824871139
542,6.796214456558228,4.009097491161253,6.8991748211880095
543,6.8110471284389495,4.028017929966305,6.898293544260518
544,6.829032962322235,4.063078988451467,6.897600938441135
545,6.834367908239365,4.120666952550331,6.896968608139117
546,6.750888694524765,4.037130234906344,6.895507809002974
547,6.787711569070816,3.9670989314259693,6.894429846603653
548,6.689381647109985,3.875024840647079,6.892379364608716
549,6.652394323348999,3.838436993931219,6.889979514196118
550,6.680694273710251,3.9586803376942896,6.887886661791259
551,6.736593998670578,4.042329394322709,6.886373735160053
552,6.8014604234695435,4.133704558478944,6.885524602043148
553,6.735696355104446,4.172168854891604,6.884026319573761
554,6.672719560861587,4.149477193007929,6.881913251986639
555,6.559787467718125,4.238985377414086,6.878691994143954
556,6.426944224834442,4.02207534929666,6.874174516450858
557,6.261216515302658,3.956682855931934,6.868044936439376
558,6.152580116987228,3.909978596794063,6.860890288244854
559,6.127652451992035,3.902797410839177,6.853557909882325
560,6.07723991394043,3.9134856425216307,6.845794729922907
561,6.278182330131531,4.016143457991463,6.840118605924993
562,6.299258205890656,4.090316618734114,6.834710001924649
563,6.388815342187882,4.177896963578872,6.830251055327282
564,6.301156752109527,4.304025976166094,6.824960112295105
565,6.066026595830917,3.5670166771360616,6.817370777130463
566,5.92220692396164,3.3204016809135974,6.808419138598775
567,5.949195102453232,3.3667810365680024,6.79982689823732
568,5.9629745614528655,3.4245674281367666,6.791458374869475
569,5.9983004021644595,3.483925133825515,6.783526795142424
570,6.095277965068817,3.63336343728247,6.776644306841688
571,6.1129717290401455,3.7522847787185247,6.770007581063672
572,6.166642619371414,3.8276163487027977,6.763973931446749
573,6.065934762954712,3.7150341631156665,6.7569935397618295
574,6.095692436695099,3.620486457441829,6.750380528731162
575,6.164290558099747,3.698048822785061,6.744519629024848
576,5.987857415676117,3.558578276228288,6.736953006891361
577,5.9271495914459225,3.5880628945734125,6.728854972736907
578,5.881050201654435,3.640469484987993,6.720376925026082
579,5.943053396940232,3.690858723483435,6.712603689745224
580,6.094039559364319,3.929101246477747,6.7064180484414155
581,5.91689225435257,3.616678953256881,6.698522790500527
582,5.979726680517197,3.58725850480449,6.691334829400694
583,6.081480499505997,3.6326537935893604,6.6852362861017465
584,6.0669270813465115,3.558836332562071,6.679053194054194
585,6.0931457483768465,3.58862578234821,6.67319411959742
586,5.9149971461296085,3.398579449582568,6.665612149862741
587,6.037824641466141,3.4351604566764693,6.659334274778775
588,6.069639106988907,3.463002807992649,6.653437323100877
589,5.9482046520709995,3.2951374526233135,6.646384996390578
590,5.873523936271668,3.2695265604072383,6.638656385789389
591,6.015063924789429,3.2538600054415743,6.6324204611793895
592,6.047107005119324,3.2932381792282053,6.626567326618789
593,5.916947357654571,3.3443524623331435,6.619471126929146
594,5.906728607416153,3.4316208490581905,6.612343701734016
595,5.855589734315872,3.3178741229054234,6.604776162059835
596,5.8343163990974425,3.344413740196996,6.597071564430211
597,5.7665940797328945,3.2879461503301357,6.588766789583238
598,5.8260100495815275,3.42335055625921,6.581139222183221
599,5.8538231897354125,3.39487538996751,6.573866061858743
600,5.870712422132492,3.466279517820331,6.56683452546148
601,5.8835584908723835,3.5183662065720567,6.560001765115589
602,5.8896613615751265,3.3961114289635703,6.553298361080184
603,5.953895614147187,3.4705096798867987,6.547304333610854
604,6.032095103263855,3.5549181811816357,6.542152241307384
605,6.117796192169189,3.6452706296693314,6.537908680816002
606,5.8862869167327885,3.4127254898750183,6.53139246317517
607,5.9941775155067445,3.528680266638892,6.526020313698486
608,5.9090579134225845,3.511247372559135,6.519850689695727
609,5.694129201173783,3.3315111393356864,6.511593474810508
610,5.6543224430084225,3.415399069092365,6.5030207644924864
611,5.646509351730347,3.509321871527188,6.494455650364865
612,5.763091048002243,3.6519095334077964,6.487142004341239
613,5.889822824001312,3.6072247430983633,6.481168812537839
614,5.977849967479706,3.752056335894815,6.476135624087258
615,5.826414973139763,3.487355240079134,6.469638417577783
616,5.938616254925728,3.607212318788945,6.464328195951262
617,5.912697187066078,3.546209365783495,6.45881188586241
618,5.959519413113594,3.6325679415652434,6.453818961134922
619,5.948524129390717,3.5636845787537474,6.4487660128174795
620,6.022598515152931,3.655943900037289,6.444504337840834
621,5.971009421944618,3.63228292435283,6.439769388681872
622,6.049728633165359,3.6961945359926744,6.435868981126706
623,6.212715522050858,3.8183492408442894,6.433637446535948
624,6.31365294277668,3.8778630744282285,6.432437601498355
625,6.392939260601997,3.975527299558674,6.432042618089391
626,6.462343664169311,4.055418895978357,6.432345628550191
627,6.3791367346048355,4.006555458960801,6.431813539610738
628,6.375527160167694,4.063370470264088,6.431250675816307
629,6.386018182039261,4.035183593888683,6.430798350878537
630,6.4320496046543125,4.099423465963779,6.430810863416294
631,6.4787142932415005,4.178347091089002,6.431289897714547
632,6.6429469978809355,4.50061708513598,6.4334064687162105
633,6.5720246171951295,4.4982135217518895,6.4347926502009996
634,6.438604674339294,4.355488460360026,6.434830770442383
635,6.490098494291305,4.413172098769578,6.435383447680872
636,6.404453411102295,4.369288233882117,6.435074147315086
637,6.342812136411667,4.317046761546453,6.434151527206052
638,6.380011405944824,4.3804757870841184,6.43361012599344
639,6.324763127565384,4.394872299881211,6.432521656009159
640,6.419982662200928,4.437534666080557,6.432396266071077
641,6.4633803617954255,4.504155412178372,6.43270610702832
642,6.323956751823426,4.464857334614218,6.431618613476271
643,6.387079870700836,4.506456605813027,6.431173226048517
644,6.439869421720505,4.574504310962284,6.431260188005237
645,6.50050518989563,4.646066787999859,6.431952638024141
646,6.393151140213012,4.253102460440212,6.43156462304603
647,6.221608848571777,4.204361127053672,6.4294650653012875
648,6.178451273441315,4.12663002251698,6.426954927382688
649,6.108298907279968,4.000282030466017,6.423768367181661
650,6.007725479602814,3.939125723421629,6.419607938305873
651,6.051397206783295,3.977787422997142,6.415925830990647
652,6.004251645803452,3.8756023672036797,6.4118090891387745
653,5.843997728824616,3.764523099067714,6.406130975535633
654,6.010822494029998,3.895017239785685,6.402177890720576
655,5.967759259939194,3.8263726936966465,6.397833704412763
656,6.04838131070137,3.858853832615535,6.394339180475649
657,6.074590601921082,3.697861290384663,6.391141694690103
658,6.1294907921552655,3.728298583092109,6.388525185664754
659,6.069555109739303,3.743136656315763,6.3853354849055
660,6.179695760011673,3.7807831837368817,6.383279087656562
661,6.175813912153244,3.5820574596203754,6.3812044359015285
662,6.350503953695298,3.716152365571473,6.380897431079466
663,6.471115797162056,3.850490672675993,6.3817996147402924
664,6.511285413503646,3.7692305384785723,6.383094472727926
665,6.629261276721954,3.832156611720307,6.385556140767867
666,6.704740602374077,3.8748560019530736,6.388747985383929
667,6.921274802684784,3.91641128265049,6.394073253556937
668,7.1417194831371305,4.012195504882285,6.401549715852739
669,7.453456948995591,4.295634236438941,6.412068788184168
670,7.523298026323318,4.338909245483996,6.423181080565559
671,7.703440985679626,4.499311383740419,6.435983679616699
672,7.5409525418281556,4.583743325563561,6.447033368238814
673,7.612151172161102,4.622596968517383,6.458684546278037
674,7.711872916221619,4.668208211817737,6.471216429977473
675,7.735756087303161,4.651905753433964,6.48386182655073
676,7.626432275772094,4.56381955134739,6.495287531042944
677,7.758422347307206,4.629712924543473,6.507918879205587
678,7.907095030546189,4.691331996778222,6.521910640718993
679,7.847855653762817,4.731538583521335,6.535170090849431
680,8.057700093984604,4.828370322292465,6.550395390880783
681,8.081564220190048,4.823354043660579,6.565707079173876
682,8.057233158349991,4.872308934960633,6.580622339965638
683,7.897492983341217,4.4976996349074465,6.593791046399394
684,7.944110612869263,4.557850153114608,6.607294242064093
685,7.686456222534179,4.641064029494413,6.618085861868793
686,7.434707124233245,4.6160884739073005,6.626252074492437
687,7.341020783185959,4.563433197184624,6.633399761579372
688,7.246423325538635,4.376488443413441,6.639529997218965
689,7.041199390888214,4.403770600873492,6.643546691155658
690,6.963215631246567,4.432349575790106,6.6467433805565665
691,6.993050183057785,4.454235019974111,6.650206448581579
692,6.86467948794365,4.292531214188585,6.6523511789751995
693,6.71447035074234,4.167959960014077,6.652972370692871
694,6.573423631191254,4.076388935675424,6.652176883297854
695,6.519231555461883,3.668003557033398,6.650847430019494
696,6.435649144649505,3.610632043749202,6.648695447165794
697,6.461075978279114,3.623523090839959,6.646819252476927
698,6.499462994337082,3.6451181891303457,6.645345689895529
699,6.503357980251312,3.6437165250941734,6.643925812799087
700,6.589656502008438,3.741386004242484,6.643383119691181
701,6.6205030751228335,3.860661576407246,6.643154319245497
702,6.64351300239563,3.903329181182949,6.643157906076998
703,6.670552804470062,3.9904829442776477,6.643431855060929
704,6.6450691521167755,4.016204387287981,6.643448228031488
705,6.607601829767227,4.041641445242658,6.643089764048845
706,6.532808718681335,3.9470493030110685,6.64198695359517
707,6.592499287128448,4.007689552659881,6.641492076930503
708,6.541135029792786,4.040425962325225,6.640488506459126
709,6.671460793018341,4.204535575531104,6.640798229324718
710,6.571061990261078,4.143753567734121,6.640100866934081
711,6.459141676425934,4.061154597422915,6.638291275029
712,6.570887090563774,4.087274025449429,6.637617233184348
713,6.40825276851654,3.9628076936125716,6.63532358853767
714,6.478842363357544,4.004278444781994,6.633758776285869
715,6.562711608409882,4.117046395133475,6.633048304607109
716,6.6005438941717145,4.075651797842975,6.632723260502755
717,6.580834940075874,4.109628091734055,6.6322043772984856
718,6.548967541456222,4.005576310553578,6.631372008940063
719,6.639493914246559,4.098828965715244,6.631453227993128
720,6.489266287088395,3.9142270084186364,6.63003135858408
721,6.4291129350662235,3.8232926063568913,6.628022174348902
722,6.406548912525177,3.816610695141256,6.6258074417306645
723,6.451665865182877,3.94826374712645,6.6240660259651865
724,6.465122491121292,4.030739284751306,6.622476590616747
725,6.505635172128677,4.119186381707439,6.621308176431866
726,6.392049044370651,3.9615559233139477,6.619015585111255
727,6.368771418333053,4.045434940889634,6.616513143443473
728,6.1541883242130275,3.9133429148726626,6.611889895251169
729,5.9550063359737395,3.655306095204101,6.605321059658395
730,6.012724336385727,3.703775505098001,6.599395092425668
731,5.972434020042419,3.5904503470016103,6.593125481701836
732,5.875894726514816,3.6164782980046266,6.585953174149966
733,5.88352949500084,3.6434404194664265,6.578928937358476
734,5.9302109849452975,3.6427827503165506,6.572441757834343
735,5.913427515029907,3.6355764392227963,6.565851615406299
736,5.844362329244614,3.665782379665159,6.558636722544682
737,5.760826394557953,3.6857843336307363,6.550658619264814
738,5.685841355323792,3.6220081956721226,6.542010446625404
739,5.806392863988877,3.631318276635306,6.534654270799039
740,5.887512302398681,3.714564245682277,6.5281828511150355
741,5.831114368438721,3.6673890958934146,6.521212166288272
742,5.9878653383255,3.785276452512725,6.5158786980086445
743,5.855150301456451,3.7577554189801403,6.5092714140431225
744,5.9870092082023625,3.921820628059335,6.504048791984715
745,6.078271105289459,4.044446553392863,6.499791015117762
746,6.146312032938003,4.141314527772548,6.496256225295965
747,6.005600467920304,3.969443843878607,6.491349667722209
748,5.993057124614715,3.9839433381158833,6.486366742291134
749,5.830302903652191,3.7939191911515415,6.479806103904744
750,5.834547808170319,3.834395432881742,6.4733535209474
751,5.884127202033997,3.8760155721446923,6.4674612577582655
752,5.877816021442413,3.927903874372128,6.461564805395107
753,5.977606691122055,4.017082270684211,6.456725224252377
754,5.956954806447029,4.057785909198374,6.451727520074323
755,6.063115696310997,4.133946276076314,6.44784140183669
756,6.143545175790787,4.203162995429194,6.444798439576231
757,6.171674691438675,4.268501907366783,6.442067202094855
758,6.226560586690903,4.307265408876988,6.439912135940816
759,6.2070206946134565,4.1581510076333865,6.437583221527541
760,6.0561869895458225,4.007391411754444,6.4337692592077245
761,6.0513332653045655,3.9561663137840934,6.429944899268693
762,6.260986759662628,3.9982348201154183,6.428255317872633
763,6.332120406031609,4.046845282721354,6.427293968754223
764,6.349511979818344,3.934614631476573,6.426516148864865
765,6.336114348769188,3.7517809889626257,6.425612130863907
766,6.400371633768081,3.8106870558835535,6.42535972589295
767,6.442182402610779,3.836096746359235,6.425527952660128
768,6.371320995688438,3.469644708933121,6.424985883090412
769,6.507406219244003,3.5332996519087234,6.425810086451947
770,6.68360699057579,3.600755449336808,6.428388055493186
771,6.731716060638428,3.5491397561082545,6.431421335544639
772,6.865368254184723,3.691978751802118,6.435760804731039
773,6.821551256775856,3.747514705040864,6.439618709251487
774,6.925717550516128,3.848628382539818,6.444479697664133
775,7.0209135740995405,3.881148031274337,6.450244036428487
776,7.028603618144989,3.9736291085652056,6.456027632245653
777,7.106964829564094,4.023135197779542,6.462537004218837
778,7.152826336026192,4.05337156735844,6.469439897536911
779,7.223707954287529,4.112493342418032,6.476982578104417
780,7.146104246973992,4.056090185615111,6.483673794793113
781,7.2686539900302884,4.1429199711840825,6.491523596745485
782,7.242668024301529,4.17160930163117,6.499035041021045
783,7.263496550321579,4.117962398278991,6.50667965611405
784,7.3753524899482725,4.203655465527982,6.515366384452393
785,7.559022229909897,4.362370226679663,6.525802942906968
786,7.687849736213684,4.4348182289498865,6.537423410840035
787,7.869455978274345,4.537531163007945,6.550743736514378
788,7.3535476416349415,3.791005359467992,6.558771775565584
789,7.293084363341332,3.731900558813744,6.566114901443342
790,7.32928408741951,3.8459341844967634,6.573746593303104
791,7.198243418335915,3.868666791196528,6.579991561553432
792,7.180892069339752,3.818106958612413,6.586000566631295
793,7.145960414409638,3.887668999037684,6.591600165109078
794,6.797246755361557,3.4086290845320564,6.593656631011603
795,6.816136935949325,3.4245031747740713,6.59588143406098
796,6.755372941493988,3.3691387326823024,6.59747634913531
797,6.76720644056797,3.3819369822823178,6.599173650049637
798,6.788935266137123,3.4450279444457195,6.6010712662105115
799,6.878884553909302,3.49057754190614,6.6038493990875
800,6.9253123509883885,3.5899574211152303,6.607064028606509
801,6.776587468385697,3.592935739269619,6.608759263004302
802,6.896584107875824,3.7107839471963193,6.611637511453017
803,6.659093664884567,3.6697682907804956,6.6121120729873315
804,6.524344011545181,3.6158561248831105,6.611234392372911
805,6.581552000045776,3.645266852635339,6.610937568449639
806,6.585809710025788,3.723521139626866,6.6106862898654
807,6.538985701799393,3.645997399538916,6.60996928398474
808,6.437470391988755,3.574705896625825,6.608244295064781
809,6.355181016921997,3.5756851482093595,6.605713662283353
810,6.3742296397686005,3.6450068156827022,6.603398822058206
811,6.440209076404572,3.732741866393373,6.6017669246016695
812,6.236631852388382,3.4150561023995456,6.598115573879537
813,6.182293186187744,3.495439861265662,6.593957350002619
814,6.143450051546097,3.38285847515983,6.589452277018054
815,6.040385700464249,3.265006245941164,6.583961611252516
816,6.039860188961029,3.26675578495079,6.578520597029601
817,6.039144487380981,3.2855864548563862,6.573126835933115
818,6.02813799738884,3.3196548322845367,6.567676947547672
819,6.045990269184113,3.320432102829317,6.562460080764036
820,6.083352406024932,3.32589057049503,6.5576690040166445
821,6.089599583148956,3.3544270693549385,6.552988309807968
822,6.059426740407944,3.399092424744025,6.548052694113967
823,6.133848917484284,3.3971877532066124,6.543910656347671
824,6.023818151950836,3.31806115027423,6.538709731303703
825,5.941113357543945,3.3861472695403716,6.532733767566105
826,5.962069869041443,3.43552465981834,6.527027128580859
827,5.924173839092255,3.492455648817566,6.520998595685973
828,5.952348344326019,3.443488815163883,6.515312093172374
829,5.884245948791504,3.3913303206682923,6.5090014317285645
830,6.088899879455567,3.5113350182842042,6.504800416205835
831,6.159420627355575,3.614226302268669,6.501346618317332
832,6.203379219770431,3.653415405887407,6.498366944331863
833,6.451550906896591,3.8322526951357356,6.497898783957511
834,6.611631315946579,4.086557814062642,6.499036109277401
835,6.684129625558853,3.9562876092873434,6.500887044440215
836,6.742317161560059,3.977782547950672,6.503301345611413
837,6.944953117370606,4.139637029464164,6.507717863329005
838,6.991567505598068,4.19896569234283,6.512556359751696
839,7.072054766416549,4.277203814851023,6.518151343818344
840,7.137012413740158,4.341764598415144,6.524339954517562
841,7.166638594865799,4.404865016988998,6.530762940921045
842,7.118323966264724,4.43186947014407,6.536638551174482
843,7.124563148021698,4.44787893259894,6.542517797142954
844,7.246579053401947,4.602097685694431,6.5495584097055435
845,7.274403523206711,4.551782038275862,6.556806860840555
846,7.329198124408722,4.556928155057723,6.564530773476236
847,7.121667317152023,4.217785353296403,6.570102138912994
848,7.064721710681916,4.244037343581797,6.575048334630683
849,6.973575590848923,4.1969654256673214,6.579033607192866
850,6.8844380128383635,4.1953349696568685,6.582087651249321
851,6.925653322935104,4.228322861799996,6.585523307966179
852,6.932010271549225,4.204659462496995,6.588988177602009
853,7.013429834842682,4.354998993624502,6.593232594174416
854,7.000241496562958,4.330597639725976,6.5973026831983015
855,7.04064945101738,4.389047913310432,6.601736150876492
856,7.210878944396972,4.601894437865984,6.607827578811697
857,7.280163468122482,4.661306829005342,6.614550937704805
858,7.276449605226516,4.714013684023869,6.621169924380022
859,7.481540167331696,4.804143873590196,6.629773626809539
860,7.562460962533951,4.8867331655319886,6.639100500166783
861,7.483264585733414,4.864311573438025,6.647542141022449
862,7.6385795378685,4.950812369742311,6.65745251499091
863,7.528667395114899,4.789177308448285,6.6661646637921494
864,7.437070119380951,4.5620060079802185,6.673873718348037
865,7.46606458902359,4.549426574808627,6.681795627054793
866,7.597636357545853,4.701254617041687,6.690954034359703
867,7.661757082939148,4.764893533670024,6.700662064845497
868,7.747078576087952,4.833315857909108,6.711126229957921
869,7.449372512102127,4.540214809416146,6.718508692779364
870,7.366394655704498,4.531881915414522,6.7249875524086145
871,7.272187718153,4.472256775563665,6.730459554066058
872,7.305099086761475,4.499677380090493,6.736205949393012
873,7.234134938716888,4.379786480595354,6.741185239286251
874,7.332375922203064,4.447809753978819,6.7470971461154186
875,7.192561378479004,4.2751620355562165,6.751551788439055
876,7.158273253440857,4.160130821303853,6.755619003089072
877,7.122457028627395,4.153012699684371,6.759287383344455
878,7.077102545499802,4.114443869079208,6.762465534966008
879,7.058741607666016,4.090433339813245,6.765428295693008
880,7.02610680937767,4.081868210539555,6.768035080829855
881,6.813421329259873,3.8086598832825,6.768488943314154
882,6.904206780195236,3.9144899546715832,6.769846121682965
883,6.898766179084777,3.9142058959003476,6.771135322256983
884,6.9111568176746365,4.079630002308539,6.7725355372111595
885,6.810593461990356,3.8046498053530264,6.772916116458951
886,6.717233068943024,3.8961542013968393,6.772359285983793
887,6.571253026723862,3.914806155130211,6.770348223391194
888,6.634762854576111,4.011793722791177,6.768992369703043
889,6.698605742454529,4.09937281938246,6.768288503430558
890,6.311162919998169,3.9137066239421365,6.763717247596234
891,6.057920773029327,3.724700291106361,6.756659282850564
892,6.123241111040115,3.8026167764082244,6.75032510113246
893,6.251084409952163,3.86335513299476,6.745332694220656
894,6.380831280946731,3.9397204686864287,6.741687680087917
895,6.338637272119522,3.766703406525727,6.737657176008233
896,6.2623456406593325,3.8217463711707387,6.732904060654745
897,6.207401239871979,3.881888049592014,6.727649032446918
898,6.321329525709152,3.9438006782689023,6.72358583737954
899,6.384019945859909,4.025558866323752,6.720190178464343
900,6.492701536417007,4.061577610934115,6.7179152920438705
901,6.309362317323685,3.7507063285149296,6.713829762296669
902,6.3166414070129395,3.7433252616172465,6.709857878743831
903,6.268774315118789,3.689079038180567,6.705447043107581
904,6.306869473457336,3.7603006418529,6.701461267411078
905,6.331597763299942,3.705545603987691,6.697762632369967
906,6.406334809064865,3.7725851811448803,6.694848354136916
907,6.488671319484711,3.8458603843963166,6.692786583790393
908,6.616700241565704,3.955774291828511,6.692025720368146
909,6.621474580764771,3.934030218855423,6.691320208972113
910,6.705246571302414,4.050329231331923,6.691459472595415
911,6.564096959829331,4.00241259554499,6.690185847467754
912,6.580178097486496,3.956437215675766,6.689085769967941
913,6.611853051185608,3.988287819641334,6.688313442780118
914,6.653168723583222,3.929002139887813,6.687961995588149
915,6.563197889328003,3.89491062551972,6.686714354525548
916,6.594779257774353,3.9048955147931608,6.685795003558035
917,6.599908463954925,3.9256540340285673,6.684936138162004
918,6.673429087400437,3.969431260691421,6.684821067654388
919,6.57747449874878,3.9764019077996893,6.683747601965332
920,6.452202954292297,3.839798793416195,6.681432155488602
921,6.455874811410904,3.83336925586824,6.679176582047825
922,6.395074919462204,3.7923067850137477,6.676335565421969
923,6.514804838895798,3.7733275093603615,6.674720258156707
924,6.471141184568405,3.7759473609536216,6.672684467420824
925,6.499968574047089,3.7911596342979967,6.670957308487087
926,6.597853635549545,3.900600225860265,6.670226271757712
927,6.733160488605499,3.935704252288228,6.67085561392619
928,6.757055921554565,3.952078488456914,6.671717617002474
929,6.854275381565094,3.9494325934100836,6.6735431946481
930,6.990973554849624,3.9565124445448294,6.676717498250115
931,6.976969678401947,3.9795757325604932,6.679720020051634
932,6.767728815078735,3.8881992658403863,6.680600108001904
933,6.727551380395889,3.8374654017870578,6.681069620725844
934,6.75340119600296,3.9342981973987907,6.681792936478615
935,6.643774812221527,3.8439854197566077,6.681412755236044
936,6.7045244169235225,3.904554262986736,6.681643871852919
937,6.478365187644958,3.653664532500035,6.67961108501084
938,6.275438793897629,3.504546783904911,6.675569362099707
939,6.357098356485367,3.6049924670158497,6.672384652043564
940,6.323054157495498,3.57537102190455,6.668891347098084
941,6.3962683939933775,3.6626774531568014,6.666165117567037
942,6.289406534433365,3.713058250121097,6.6623975317357
943,6.252284801006317,3.6055884487562397,6.658296404428406
944,6.129207550287247,3.4755544061549943,6.653005515886995
945,6.144788258075714,3.5140640507749126,6.647923343308882
946,6.133714791536331,3.5554370685000154,6.642781257791157
947,6.154262150526047,3.605740043646218,6.637896066718506
948,6.172840868234634,3.717344240111896,6.633245514733667
949,6.319163140058517,3.8708009158759626,6.630104690986915
950,6.426095809936523,3.9558477607692715,6.628064602176411
951,6.369493907690048,3.925032650662889,6.625478895231548
952,6.3004516971111295,3.8148143445635543,6.622228623250344
953,6.282864921092987,3.867813961012753,6.61883498622877
954,6.31500330209732,3.9155168123149102,6.615796669387455
955,6.395151636600494,3.968080911277681,6.613590219059586
956,6.411779669523239,4.047748774762768,6.611572113564223
957,6.446027872562408,4.0546080760941825,6.609916671154204
958,6.480209851264954,4.15567796456614,6.608619602955312
959,6.528427373170853,4.234365233603005,6.607817680657468
960,6.636769934892654,4.27685142144663,6.60810720319982
961,6.461347181797027,4.284431400368227,6.6066396029857914
962,6.57448034286499,4.424495569715998,6.606318010384584
963,6.656363769769668,4.555806814699744,6.606818467978434
964,6.782910376787186,4.63974855782039,6.608579387066522
965,6.799037916660309,4.694340797913135,6.610483972362459
966,6.506245144605637,4.322697465624515,6.609441584084891
967,6.4671703672409055,4.363742557580497,6.6080188719164505
968,6.609559786319733,4.414479272318042,6.608034281060483
969,6.49073489010334,4.285538743522221,6.606861287150911
970,6.390859596729278,4.313201805307885,6.604701270246695
971,6.384102013707161,4.324943053081306,6.6024952776812995
972,6.474061114788055,4.369819602276807,6.601210936052367
973,6.531882877349854,4.4208718314106665,6.6005176554653415
974,6.511935518980026,4.446975629179865,6.599631834100489
975,6.432629234790802,4.2823222300713875,6.597961808107391
976,6.479868968725205,4.355758365064214,6.596780879713569
977,6.26116335272789,4.382447542293783,6.593424704443713
978,6.243108688592911,4.363032489255974,6.589921544285205
979,6.196066768169403,4.281083782639609,6.585982996524047
980,6.306346558332443,4.428247295760732,6.583186632142131
981,6.434857615232468,4.532091498763409,6.581703341973035
982,6.362966654300689,4.265517362351515,6.579515975096312
983,6.5325728392601015,4.408049099066504,6.57904654373795
984,6.6810548055171965,4.627035085121761,6.580066626355742
985,6.758388611078263,4.694014045410166,6.581849846202967
986,6.568085656166077,3.9952811558742263,6.581712204302598
987,6.510873461961746,3.9100971756549767,6.581003816879189
988,6.449042023420334,3.8733631081900923,6.579684198944601
989,6.504172540903092,3.914097993271101,6.578929082364185
990,6.639271402359009,4.011981509930544,6.579532505564133
991,6.676836315393448,4.027745500967357,6.580505543662426
992,6.723912900686264,4.08791251900388,6.581939617232664
993,6.624553257226944,3.9308788162976573,6.582365753632607
994,6.569951297044754,3.8271427316941984,6.582241609066729
995,6.570517201423645,3.8707352416310368,6.582124364990298
996,6.72510901093483,4.032884565147801,6.583554211449743
997,6.750337091684341,4.06385613324525,6.58522204025209
998,6.797779548168182,4.1056906314761745,6.587347615331251
999,6.894903939962387,4.1905686431423605,6.590423178577563
1000,6.946904592514038,4.236503976681081,6.593987992716928
1001,6.915960762500763,4.134118776728399,6.597207720414766
1002,6.942913684844971,4.14492788436408,6.600664780059068
1003,7.069025970697403,4.304470476904156,6.605348391965451
1004,7.107190226316452,4.350637364303831,6.610366810308961
1005,7.107340567111969,4.379662132218465,6.615336547876992
1006,6.95313441157341,4.105889033830464,6.618714526513957
1007,7.058227272033691,4.157860379364416,6.623109653969154
1008,6.901291949748993,4.06991327512802,6.6258914769269515
1009,6.685303206443787,3.614923731194672,6.62648559422212
1010,6.675137709379197,3.642400364126398,6.6269721153736905
1011,6.663501658439636,3.6886656062581564,6.62733741080435
1012,6.803917208909988,3.807733798452546,6.6291032087854065
1013,6.8169989430904385,3.8520111347527104,6.630982166128457
1014,6.791823348999023,3.695557957696694,6.6325905779571634
1015,6.592865833044052,3.6716629052597423,6.6321933305080325
1016,6.560024380683899,3.6263889620417404,6.6314716410097905
1017,6.479217455387116,3.480689750813547,6.629949099153564
1018,6.534724780321121,3.5471607205546833,6.62899685596524
1019,6.607995005846024,3.763721489080317,6.628786837464048
1020,6.711036164760589,3.8344887727776076,6.629609330737013
1021,6.5796398305892945,3.7525196043647617,6.629109635735536
1022,6.6728243887424465,3.7937773063585105,6.629546783265605
1023,6.618098329305649,3.77525324013037,6.629432298726005
1024,6.572123147249222,3.7538198944441032,6.628859207211238
1025,6.3712478089332585,3.6627602898768172,6.626283093228458
1026,6.297253097295761,3.6407112735940785,6.62299279326913
1027,6.336465301513672,3.6915450192215484,6.620127518351576
1028,6.509228832125664,3.886719260849621,6.619018531489317
1029,6.526373776197434,3.9255879983576416,6.618092083936398
1030,6.6204589343070985,4.054680350515864,6.618115752440105
1031,6.745941712856292,4.1429125242447675,6.619394012044268
1032,6.991064178943634,4.415162808527468,6.623110713713261
1033,6.926889364719391,4.464028155299875,6.626148500223322
1034,6.921923773288727,4.439460712956583,6.629106252953976
1035,6.951948345899582,4.481126059872778,6.632334673883433
1036,7.005423167943954,4.511094679467619,6.636065558824038
1037,6.94129250049591,4.545086627097423,6.6391178282407575
1038,7.126755319833755,4.601389433213934,6.643994203156687
1039,7.06223248720169,4.641011812640899,6.6481765859971365
1040,6.964386125802994,4.338890029688213,6.651338681395195
1041,6.896030931472779,4.289024476099603,6.6537856038959715
1042,6.883985167741775,4.355927023869632,6.6560875995344295
1043,6.947873899936676,4.421804376842349,6.659005462538452
1044,6.892476558685303,4.2336066909010315,6.66134017349992
1045,7.117455285787583,4.2864432903811664,6.665901324622797
1046,6.928806809186935,4.163175184864156,6.6685303794684385
1047,7.021038867235184,4.229870708293619,6.672055464346106
1048,7.023923734426498,4.318093029459834,6.67557414704691
1049,6.989939796924591,4.215321558995403,6.678717803545687
1050,6.995688751935959,4.187465530181994,6.681887513029589
1051,6.8390522754192355,4.045765419115679,6.683459160653486
1052,6.895131664276123,4.075262319565013,6.685575885689713
1053,6.784896957874298,3.687048208960561,6.686569096411559
1054,6.774503954648972,3.770063648974301,6.687448444993934
1055,6.913031102418899,4.009274087305775,6.689704271568184
1056,6.991741789579391,4.028043281516141,6.692724646748296
1057,6.938113238811493,4.0066397603744255,6.695178532668928
1058,7.023391664028168,4.056366725520934,6.69846066398252
1059,7.132860349416733,4.14704742220726,6.702804660836863
1060,7.221947890520096,4.212528705913587,6.707996093133696
1061,7.150548201799393,4.186806817242526,6.712421614220353
1062,7.21721305012703,4.2288736810337815,6.71746952857942
1063,7.1964682877063755,4.2469677178649645,6.7222595161706895
1064,7.225116292238235,4.4043163615273375,6.727288083931366
1065,7.228338474035263,4.394190208491022,6.732298587832405
1066,7.323529045581818,4.448712372394511,6.738210892409899
1067,7.419173352718353,4.481733879229578,6.745020517012984
1068,7.530634407997131,4.501860310123928,6.752876655922825
1069,7.35050827383995,4.405398778595192,6.758852972101996
1070,7.258279963731765,4.099091262532591,6.7638472420182945
1071,7.131497720479965,3.9784002785249073,6.767523746802912
1072,7.201412419080734,4.024135850806201,6.771862633525689
1073,7.153255059719085,3.9386109274005583,6.775676557787624
1074,6.966126611232758,3.834043684375338,6.777581058322076
1075,7.134875503778457,3.9765487467660794,6.781154002776639
1076,7.162151099443435,3.994784584321125,6.784963973743308
1077,7.21708984375,4.066800155068306,6.789285232443374
1078,7.237287114858628,4.127803228290496,6.793765251267527
1079,7.114868434667588,4.068946856134566,6.796976283101528
1080,7.090444386005402,4.132307268756516,6.799910964130567
1081,7.198347344398498,4.203669125899253,6.803895327933247
1082,7.224412442445755,4.263269861196514,6.808100499078372
1083,7.2519383466243745,4.32280997126914,6.812538877553831
1084,7.309873213768006,4.357508059041625,6.817512220915973
1085,7.303991923332214,4.432765421996897,6.822377017940135
1086,7.239138449430466,4.41130151536485,6.826544632255038
1087,7.283809894323349,4.522051516965415,6.83111728487572
1088,7.394018503427506,4.5878423693338135,6.8367462970612385
1089,7.450518230199814,4.676577513191614,6.842884016392624
1090,7.317702867984772,4.591884148227344,6.847632204908546
1091,7.12274059176445,4.38495183073819,6.850383288777105
1092,7.179336426258087,4.548081974464813,6.853672820151915
1093,7.266116452217102,4.645987506510154,6.857797256472566
1094,6.865704112052917,4.281430347188703,6.85787632502837
1095,6.8782721352577205,4.362781129745752,6.858080283130663
1096,6.701931906938553,4.082089805395926,6.856518799368741
1097,6.681707124710083,4.025291345116554,6.854770682622155
1098,6.518772064447403,3.9053690755479575,6.851410696440407
1099,6.47554386973381,3.958816107399644,6.847652028173341
1100,6.579062572717667,4.187223919490834,6.844966133618784
1101,6.594771164655685,4.2399184218162995,6.842464183929153
1102,6.616723620891571,4.297922650423467,6.840206778298778
1103,6.7212960505485535,4.392976038721292,6.839017671021275
1104,6.756879128217697,4.461407164793006,6.83819628559324
1105,6.842381484508515,4.617227931426913,6.838238137582392
1106,6.821343911886215,4.540883150825538,6.8380691953254304
1107,6.99670462012291,4.673856093205835,6.839655549573405
1108,7.155555822849274,4.748233682420438,6.842814552306164
1109,7.250784149169922,4.835535813906726,6.846894248274801
1110,7.4180228853225705,5.052813136118854,6.852605534645279
1111,7.367204236984253,4.959123771044471,6.857751521668669
1112,7.4049393486976625,5.020005538322248,6.863223399938959
1113,7.46423627614975,5.064950876281805,6.869233528701066
1114,7.289953997135163,4.807777072469633,6.873440733385407
1115,7.072348510026932,4.687112697757772,6.875429811151823
1116,6.927599891424179,4.399013728532965,6.875951511954547
1117,6.942615711688996,4.472931835509873,6.876618153951892
1118,7.017874718904495,4.5641129098164805,6.878030719601418
1119,7.061984103918076,4.617068049234407,6.879870253444586
1120,7.059477175474167,4.696483108508081,6.8816663226648815
1121,6.932658430337906,4.300371237493509,6.882176243741612
1122,6.809175009727478,4.052273539258899,6.881446231401471
1123,6.952538065910339,4.057931198810952,6.88215714974656
1124,7.011776775121689,4.092587498593378,6.883453346000311
1125,6.954212565422058,3.885122756307765,6.884160938194529
1126,6.969437940120697,3.9177075125909213,6.88501370821379
1127,7.051798123121261,3.907043771863434,6.886681552362864
1128,7.09607179403305,4.1423878232266125,6.888775454779566
1129,7.175594297647476,4.179539228177205,6.891643643208245
1130,7.097128520011902,4.067399189540484,6.893698491976282
1131,7.151485669612884,4.121952768617322,6.896276363752648
1132,7.093650138378143,4.0526670289485764,6.898250101498903
1133,7.175535387992859,4.10288285384884,6.901022954363842
1134,7.114583569765091,4.076257804758706,6.903158560517855
1135,7.046488337516784,4.004889206889795,6.904591858287844
1136,7.130786973237991,4.081477593608332,6.906853809437346
1137,7.258664033412933,4.247582024911321,6.910371911677102
1138,7.244929285049438,4.31292207814991,6.913717485410826
1139,7.117542299032212,4.245722595909092,6.91575573354704
1140,7.19238730430603,4.373822382387624,6.918522049254629
1141,7.152652313709259,4.199871666562254,6.920863351899175
1142,7.080581624507904,4.13130274325478,6.922460534625263
1143,7.0439914393424985,4.1667075504250635,6.923675843672436
1144,6.919323565959931,4.203478230600543,6.923632320895312
1145,6.990616379976273,4.238311801301416,6.924302161486121
1146,7.009190019369125,4.297758570809757,6.925151040064952
1147,7.06980290055275,4.433935290344948,6.9265975586698305
1148,7.27100546836853,4.634844873670729,6.930041637766817
1149,7.316999641656875,4.744771952776375,6.933911217805718
1150,7.332403486967086,4.624445556833516,6.937896140497331
1151,7.3731772899627686,4.569678535020882,6.942248951991985
1152,7.4585426330566404,4.594937074095347,6.947411888802631
1153,7.690759257078171,4.795029161596707,6.954845362485387
1154,7.695291526317597,4.824297900985979,6.962249824123709
1155,7.704891368150711,4.913046712120576,6.969676239563978
1156,7.368540191650391,4.7755800520143685,6.973664879084843
1157,7.376276578903198,4.828962498898375,6.977690996083026
1158,7.4480642116069795,4.892936387650932,6.9823947282382655
1159,7.355464656352996,4.836890711653118,6.986125427519413
1160,7.12788646697998,4.624745061370278,6.987543037914019
1161,7.1120478582382205,4.544361560672277,6.988788086117261
1162,6.89287322640419,4.4634891195107524,6.98782893752013
1163,7.1142333018779755,4.584527906353872,6.989092981163709
1164,7.15065027832985,4.640477790042682,6.99070855413537
1165,7.086719357967377,4.627536408139451,6.99166866217369
1166,7.060337325334549,4.689022665520757,6.992355348805298
1167,7.091456574201584,4.778759219915546,6.993346361059261
1168,7.019351402521133,4.738219895034996,6.9936064114738805
1169,6.979199377298355,4.79599585915849,6.993462341132125
1170,6.927919235229492,4.710218137606183,6.9928069100730985
1171,6.74313106060028,4.780663040157402,6.99031015157837
1172,6.593149827718735,4.602517384489186,6.986338548339774
1173,6.693569720983505,4.704658173131008,6.983410860066211
1174,6.739085932374,4.701612184446666,6.980967610789289
1175,6.81752003967762,4.776584472660924,6.979333135078173
1176,6.883582581281662,4.846565304515431,6.978375629540207
1177,6.833588070869446,4.802562660248349,6.9769277539534995
1178,6.752328437566757,4.927900585109638,6.974681760789632
1179,6.7994775390625,5.020834048624935,6.97292971857236
1180,6.558380554914475,4.792620164355248,6.968784226935782
1181,6.581238561868668,4.850487057871383,6.96490877028511
1182,6.278816401958466,4.2351787422999765,6.958047846601843
1183,6.284343024492264,4.2412067145015895,6.951310798380748
1184,6.3010516715049745,4.2674690438484015,6.94480820711199
1185,6.357133649587631,4.320598922069546,6.938931461536746
1186,6.414938360452652,4.397848812048076,6.933691530525905
1187,6.29809286236763,4.336544305429559,6.927335543844322
1188,6.430777280330658,4.487222559288264,6.922369961209186
1189,6.434399789571762,4.517499965712358,6.917490259492812
1190,6.507592738866806,4.68310115170439,6.913391284286552
1191,6.51854960680008,4.529523771413528,6.909442867511688
1192,6.702379549741745,4.684831354822203,6.907372234333988
1193,6.677074137926102,4.6207207882745385,6.905069253369909
1194,6.633566374778748,4.485114639179953,6.9023542245839975
1195,6.654586491584777,4.534632642547603,6.899876547254006
1196,6.6087830913066865,4.450730946794268,6.896965612694532
1197,6.722704083919525,4.504058476163114,6.895222997406782
1198,6.927421426773071,4.554582151320979,6.895544981700445
1199,6.8274964380264285,4.50027769212591,6.894864496263704
