condition,condition_label,method,N,N_drop,drop_rate,no_drop_rate,crash_rate,crash_nodrop,timeout_nodrop,mean,median,p90,r1,r2,r3,overall_r2,overall_r3,roll_abs_mean,pitch_abs_mean,impact_mean,impact_p90
exp1_fixedH_fixedW_noObs/main,Exp1 fixedH fixedW noObs,PPO,2000,1988,0.994,0.006,0.006,12,0,2.272588530278969,1.2581143975257874,4.946097183227537,0.3868209255533199,0.7323943661971831,0.8470824949698189,0.728,0.842,14.423383252371952,9.572752600359825,0.5606368704168669,1.292532455921173
exp1_fixedH_fixedW_noObs/main,Exp1 fixedH fixedW noObs,Proposed,2000,1981,0.9905,0.0095,0.0095,19,0,2.358921215693306,1.0275559425354004,3.971195936203003,0.48914689550731955,0.7895002523977789,0.8697627460878344,0.782,0.8615,15.491519867386236,7.521356975049184,0.5362263240525663,1.2838709354400637
exp1_fixedH_fixedW_noObs/main,Exp1 fixedH fixedW noObs,PPO-GRU,2000,1991,0.9955,0.0045,0.0045,9,0,2.8898985057085516,1.2980316877365112,9.22884464263916,0.36464088397790057,0.7122049221496736,0.8352586639879458,0.709,0.8315,17.616567989640004,8.009669645842214,0.527798658909509,1.3569908142089844
exp1_fixedH_fixedW_noObs/main,Exp1 fixedH fixedW noObs,MPC,2000,1053,0.5265,0.4735,0.474,947,0,5.890899280876855,3.0492074489593506,15.983250236511234,0.02849002849002849,0.17568850902184235,0.4757834757834758,0.0925,0.2505,3.013028812025413,1.582220482229507,0.1660515400603173,0.14758729040622715
exp2_fixedH_fixedW_obs_ablation/no_obstacle,Exp2 noObstacle,PPO,2000,1983,0.9915,0.0085,0.0085,17,0,2.4210344332134595,1.3083003759384155,5.795555305480957,0.36359051941502774,0.6898638426626323,0.81089258698941,0.684,0.804,13.918641432255793,9.047483889165404,0.5720146538382579,1.303910779953003
exp2_fixedH_fixedW_obs_ablation/no_obstacle,Exp2 noObstacle,Proposed,2000,1972,0.986,0.014,0.014,28,0,2.391206222408759,1.042872428894043,4.07881774902344,0.473630831643002,0.7941176470588235,0.8706896551724138,0.783,0.8585,15.43304935269654,7.632758405106889,0.5421974642870997,1.318207061290741
exp2_fixedH_fixedW_obs_ablation/no_obstacle,Exp2 noObstacle,PPO-GRU,2000,1988,0.994,0.006,0.006,12,0,2.8152064245280397,1.278808355331421,8.660674953460685,0.3843058350100604,0.710261569416499,0.8340040241448692,0.706,0.829,17.46314932250138,7.7625763696142425,0.5248458016086632,1.3490137219429015
exp2_fixedH_fixedW_obs_ablation/no_obstacle,Exp2 noObstacle,MPC,2000,1109,0.5545,0.4455,0.4455,891,0,6.032220097384655,3.089862823486328,16.630315017700195,0.026149684400360685,0.16140667267808836,0.4670874661857529,0.0895,0.259,2.929063731157981,1.5599537039340217,0.14788946635665065,0.14586983919143673
exp2_fixedH_fixedW_obs_ablation/random_obstacle,Exp2 randomObstacle,PPO,2000,1985,0.9925,0.0075,0.0075,15,0,2.3037700826466385,1.311906337738037,4.922544002532959,0.3687657430730479,0.7037783375314861,0.8241813602015113,0.6985,0.818,14.179335266701338,8.58761612626817,0.5622031090128933,1.3066895484924317
exp2_fixedH_fixedW_obs_ablation/random_obstacle,Exp2 randomObstacle,Proposed,2000,1977,0.9885,0.0115,0.0115,23,0,2.3020299442077587,0.9617007374763488,4.139037609100345,0.5174506828528073,0.8017197774405666,0.8715225088517956,0.7925,0.8615,15.352506520207877,7.459565729794089,0.5318059454011115,1.2855012416839597
exp2_fixedH_fixedW_obs_ablation/random_obstacle,Exp2 randomObstacle,PPO-GRU,2000,1990,0.995,0.005,0.0055,10,0,2.7370645181617546,1.1565025448799133,9.105011463165292,0.4371859296482412,0.7276381909547739,0.8276381909547739,0.724,0.8235,14.354928538409043,7.341890385427816,0.46538055803832695,1.174701857566834
exp2_fixedH_fixedW_obs_ablation/random_obstacle,Exp2 randomObstacle,MPC,2000,1030,0.515,0.485,0.485,970,0,5.882324290507048,3.0825599431991577,15.821488666534426,0.04271844660194175,0.19223300970873786,0.458252427184466,0.099,0.236,2.876392671303773,1.547516623374951,0.14702843699640442,0.1447611704468727
exp3_randomH_fixedW_fixedObs/main,Exp3 randomH fixedObs,PPO,2000,1993,0.9965,0.0035,0.0035,7,0,11.242921649077903,13.60200309753418,21.72632141113281,0.1535373808329152,0.30356246864024083,0.35273457099849476,0.3025,0.3515,8.169740866978856,4.999665490140969,0.4173343280415348,0.9802540779113766
exp3_randomH_fixedW_fixedObs/main,Exp3 randomH fixedObs,Proposed,2000,1962,0.981,0.019,0.019,38,0,2.314153558924456,0.9458873569965363,4.2642103195190435,0.5275229357798165,0.8083588175331294,0.8715596330275229,0.793,0.855,15.61666196832848,7.646092661830542,0.5409090098384749,1.2707152009010318
exp3_randomH_fixedW_fixedObs/main,Exp3 randomH fixedObs,PPO-GRU,2000,1982,0.991,0.009,0.0095,18,0,2.6918917092852723,1.1020100116729736,8.642053699493415,0.45509586276488395,0.739656912209889,0.843087790110999,0.733,0.8355,14.622764055463799,7.536092708196454,0.4687601135241095,1.2167600393295293
exp3_randomH_fixedW_fixedObs/main,Exp3 randomH fixedObs,MPC,2000,1049,0.5245,0.4755,0.4755,951,0,5.63392539872114,2.869457483291626,15.707107353210452,0.027645376549094377,0.1811248808388942,0.559580552907531,0.095,0.2935,2.5973704948821004,1.529129598873281,0.14523774960049002,0.14732359647750856
exp4_multiH_multiW_noObs/medium_wind,Exp4 mediumWind multiH noObs,PPO,2000,1990,0.995,0.005,0.005,10,0,11.141024423328851,13.692093849182129,21.601421546936034,0.14974874371859295,0.30301507537688444,0.36180904522613067,0.3015,0.36,7.6667653060498,4.703520903960442,0.4130904956266808,0.9722355425357819
exp4_multiH_multiW_noObs/medium_wind,Exp4 mediumWind multiH noObs,Proposed,2000,1956,0.978,0.022,0.022,44,0,2.561157747764133,1.0678070187568665,5.754672527313232,0.47392638036809814,0.7719836400817995,0.8512269938650306,0.755,0.8325,15.373543770409698,7.9381789582716324,0.5566731217966733,1.2989510893821716
exp4_multiH_multiW_noObs/medium_wind,Exp4 mediumWind multiH noObs,PPO-GRU,2000,1947,0.9735,0.0265,0.027,53,0,3.5390820104521654,1.4551618099212646,10.801571846008304,0.3066255778120185,0.6127375449409348,0.7041602465331279,0.5965,0.6855,14.956488297386834,7.863481614871309,0.5566798990040359,1.2102010250091553
exp4_multiH_multiW_noObs/medium_wind,Exp4 mediumWind multiH noObs,MPC,2000,1065,0.5325,0.4675,0.4675,935,0,5.940874055405738,2.9042036533355717,16.357392883300783,0.02535211267605634,0.17464788732394365,0.5380281690140845,0.093,0.2865,2.693262377307677,1.4827660619309335,0.1403420310904722,0.14205309748649597
exp4_multiH_multiW_noObs/strong_wind,Exp4 strongWind multiH noObs,PPO,2000,1922,0.961,0.039,0.0385,77,1,13.28691867951393,14.663858413696287,21.805263519287113,0.02081165452653486,0.08324661810613944,0.13995837669094693,0.08,0.1345,10.97271107656206,6.983321549224939,0.5006393290063779,1.2227455615997318
exp4_multiH_multiW_noObs/strong_wind,Exp4 strongWind multiH noObs,Proposed,2000,1758,0.879,0.121,0.1165,231,11,5.4895057429885865,2.845120072364807,14.483881664276122,0.16723549488054607,0.3890784982935154,0.5091012514220705,0.342,0.4475,25.077877358699183,12.251216346700526,0.7567017584132185,1.5662872314453125
exp4_multiH_multiW_noObs/strong_wind,Exp4 strongWind multiH noObs,PPO-GRU,2000,1774,0.887,0.113,0.103,204,22,7.489321621471917,5.64043402671814,16.442185974121095,0.08850056369785794,0.25591882750845546,0.3602029312288613,0.227,0.3195,24.613767827147473,13.017187264817279,0.7580138034740591,1.5125787615776063
exp4_multiH_multiW_noObs/strong_wind,Exp4 strongWind multiH noObs,MPC,2000,442,0.221,0.779,0.779,1558,0,7.052700012871718,2.745310425758362,22.489109611511235,0.07239819004524888,0.2828054298642534,0.5407239819004525,0.0625,0.1195,2.8960822012612804,2.1267450224443847,0.15544464489723223,0.19121607840061183
exp4_multiH_multiW_noObs/weak_wind,Exp4 weakWind multiH noObs,PPO,2000,2000,1.0,0.0,0.0,0,0,10.46526239766553,13.345070362091064,21.405377769470217,0.289,0.395,0.4175,0.395,0.4175,4.242869737729531,2.5380743284429403,0.2840909823663533,0.4005248069763183
exp4_multiH_multiW_noObs/weak_wind,Exp4 weakWind multiH noObs,Proposed,2000,1991,0.9955,0.0045,0.0045,9,0,1.4930720815541703,0.7069428563117981,1.5622727870941162,0.7282772476142642,0.9301858362631843,0.9482672024108488,0.926,0.944,6.6027738672229495,4.640469410617176,0.29829384979292833,0.4664982855319977
exp4_multiH_multiW_noObs/weak_wind,Exp4 weakWind multiH noObs,PPO-GRU,2000,1967,0.9835,0.0165,0.0165,33,0,1.5220016760474149,0.9221934676170348,2.6600438594818123,0.5683782409761058,0.8825622775800712,0.9069649211997967,0.868,0.892,8.289412417277767,3.890670850887817,0.31763955207194056,0.5925058841705322
exp4_multiH_multiW_noObs/weak_wind,Exp4 weakWind multiH noObs,MPC,2000,1742,0.871,0.129,0.129,258,0,2.354045564422104,2.4443562030792236,2.744030070304871,0.0,0.18771526980482203,1.0,0.1635,0.871,1.6001542598966458,1.177343193362037,0.13352362336387724,0.1352997317910194
exp5_complex_multiH_multiW_obs/complex_mix,Exp5 complexMix,PPO,2000,1977,0.9885,0.0115,0.0115,23,0,11.497335449618618,13.538290977478027,21.93330497741699,0.1310065756196257,0.2635306019221042,0.31664137582195245,0.2605,0.313,8.455159751836492,5.414263496119425,0.40827666684329417,0.9829706907272339
exp5_complex_multiH_multiW_obs/complex_mix,Exp5 complexMix,Proposed,2000,1930,0.965,0.035,0.035,70,0,2.763983034950541,1.0672305226325989,8.646140289306642,0.46321243523316064,0.7233160621761658,0.8088082901554404,0.698,0.7805,16.3072013279779,7.9280799632993935,0.5293010163260865,1.311913371086121
exp5_complex_multiH_multiW_obs/complex_mix,Exp5 complexMix,PPO-GRU,2000,1933,0.9665,0.0335,0.03,59,8,2.947571232472631,1.1856707334518433,9.41730670928955,0.429901707190895,0.6927056389032592,0.801862390067253,0.6695,0.775,14.722133472587366,7.437473606779964,0.4859837052801145,1.2393561363220216
exp5_complex_multiH_multiW_obs/complex_mix,Exp5 complexMix,MPC,2000,941,0.4705,0.5295,0.5295,1059,0,4.890851249453175,2.6259925365448,14.349136352539062,0.021253985122210415,0.20403825717321997,0.7109458023379384,0.096,0.3345,2.495608610571582,1.511881302785888,0.14332537489223682,0.1498304158449173
