scope,method,n,mean,median,mean_minus_median,p90,p95,p99,cvar90,gt15,gt20,gt30,roll_median,pitch_median,roll_p90,pitch_p90
ALL,PPO,15741,16.24317332764707,9.559511033012358,6.683662294634713,36.658320168877104,54.03775490422232,116.66737249640194,66.06118159209694,0.29464455879550216,0.22323867606886474,0.1352518899688711,7.82093542987978,3.1381850556757187,26.36580061143484,19.39985460147892
ALL,Proposed,15569,18.83587627904133,11.778495798290379,7.05738048075095,34.287787638173576,66.77388724415498,138.51994873267492,79.93261586985278,0.3796647183505684,0.24735050420707816,0.12287237459053246,8.2276595345757,4.266873816020325,29.918690164832732,16.777165779069406
ALL,PPO-GRU,15597,18.370890180922153,9.56232103557589,8.808569145346263,36.911138938675954,74.06455748411683,145.13350167550485,86.53494530295056,0.3044175161890107,0.2083734051420145,0.12899916650637944,6.921044346352261,4.682094676043741,32.18372842569501,16.176461569869446
ALL,MPC,8293,3.1831998258674936,2.7983979214218415,0.3848019044456521,4.0559256682199365,5.137088950052356,13.40488105143863,8.679506319305526,0.006390932111419269,0.0032557578680815144,0.002532256119618956,2.3115136000507355,1.0888004555917326,3.6748739998986406,2.588696336948193
Exp1,PPO,1988,19.133695521731525,11.90126912720964,7.232426394521886,40.333174310228316,57.854855251520384,132.2678588665811,72.36491784206792,0.37927565392354123,0.2776659959758551,0.16700201207243462,9.752349002619308,4.005905948212478,27.807656277300197,26.346659689304772
Exp1,Proposed,1981,18.87422858317022,12.990627629719572,5.883600953450646,32.49523026477299,58.444490045572344,135.04440465635076,73.88090285063087,0.41797072185764766,0.26198889449772844,0.12014134275618374,8.904599583215663,4.488103643237039,29.66456341449756,16.499278166649603
Exp1,PPO-GRU,1991,20.575080129537373,10.675581368573706,9.899498760963667,44.369319903182934,87.56430761087523,144.26630377094492,93.57766847355084,0.36263184329482673,0.2531391260673029,0.16122551481667505,7.968358232925336,5.241760376634586,40.71604171800997,17.476664576500088
Exp1,MPC,1053,3.709498056239619,3.1877674224001638,0.5217306338394554,4.020530228826768,5.73546182302591,15.733233420805009,12.104365035800678,0.012345679012345678,0.007597340930674264,0.006647673314339981,2.7461048765603064,1.1106024194224131,3.7037247189527744,2.8218298178504044
Exp2-NoObs,PPO,1983,18.453664281698572,11.80986168083901,6.643802600859562,38.9921813406578,52.01110332826018,111.61638941270874,64.61997478570592,0.38779626828038327,0.2939989914271306,0.16591023701462432,9.66311941130226,3.928164735079393,28.399492168881807,23.11455680046573
Exp2-NoObs,Proposed,1972,18.920292230822643,12.59414824123807,6.326143989584573,34.90415336880254,60.70658512116575,133.9547752167898,75.1086600885167,0.40973630831643004,0.2667342799188641,0.13336713995943206,8.673206434513972,4.314534876048675,30.661962278616194,16.545095075602056
Exp2-NoObs,PPO-GRU,1988,20.4011587572023,11.128315033199655,9.272843724002644,42.616035496649815,78.9870894727958,145.8007622697493,90.83662152841792,0.3732394366197183,0.2580482897384306,0.16247484909456741,8.026018689898583,5.060207118306477,39.977991966865886,16.36097230010817
Exp2-NoObs,MPC,1109,3.5851843261552885,3.2043836274324566,0.38080069872283184,4.095354190327947,5.483956664289043,13.178308984693611,10.549982915179353,0.007213706041478809,0.005410279531109108,0.004508566275924256,2.8123030699960703,1.1649707252157149,3.686305004493574,2.6836550909410466
Exp2-RandObs,PPO,1985,18.176885950234052,11.51020146949339,6.6666844807406616,39.484801066730434,52.588972105186855,111.79400489110348,65.61758269966096,0.36926952141057934,0.2760705289672544,0.15717884130982368,9.433597734433151,3.8340447283166177,28.947032917658053,21.10869143369741
Exp2-RandObs,Proposed,1977,18.642255751693725,12.924673569241511,5.7175821824522135,33.31415789069523,55.63813781842039,137.4757747863766,73.82736164838313,0.41122913505311076,0.26707132018209406,0.11734951947395043,8.95630411523266,4.324957744722114,28.78438972106604,16.066979101625495
Exp2-RandObs,PPO-GRU,1990,17.20586911043513,9.047323888135562,8.15854522229957,32.41926489553127,56.814289430313956,143.89646133708763,79.61221120652361,0.29447236180904524,0.1934673366834171,0.11055276381909548,6.695197311256619,4.604339802532316,28.246957652261425,15.664500642517655
Exp2-RandObs,MPC,1030,3.516885432997196,3.190104414219284,0.3267810187779121,4.092321988267192,5.260628318464671,13.67403071867913,10.268117140677859,0.008737864077669903,0.003883495145631068,0.003883495145631068,2.8401292606747024,1.0768544547333803,3.6995719639374074,2.75645397919071
Exp3-RandH,PPO,1993,10.526873566851943,3.8733242255128775,6.653549341339065,25.153089251747545,40.44141156264802,98.93539309499164,52.402937674340336,0.17210235825388862,0.13196186653286504,0.07626693426994481,3.5381745938500053,1.6411851745273438,19.270982592219113,10.451164781132986
Exp3-RandH,Proposed,1962,18.958794846243052,12.548037613187333,6.410757233055719,32.664714879940135,61.286431179691576,137.21056616910312,76.59008881697198,0.4169215086646279,0.26758409785932724,0.11518858307849134,8.743045118777353,4.344751632936811,29.116793171365213,17.49461021552538
Exp3-RandH,PPO-GRU,1982,17.600376456228343,9.184840046878334,8.41553640935001,33.83728105088471,67.73319799405206,145.20699419779544,81.21890300343466,0.2921291624621594,0.20332996972754794,0.11907164480322906,6.785014298842286,4.711409847961436,29.08542211250734,15.343103359047031
Exp3-RandH,MPC,1049,3.332644364708782,3.2033625859799333,0.12928177872884872,4.098307511224407,4.9552873946506315,14.499893861026845,8.32089437346967,0.0076263107721639654,0.0038131553860819827,0.0019065776930409914,2.764437104292621,1.1005210602074744,3.6631697877369063,2.7340892077724206
Exp4-Medium,PPO,1988,17.983212553613956,11.837078301638934,6.146134251975022,38.5735153004532,52.41127061077378,97.76428463841636,63.16736190368418,0.3717303822937626,0.2665995975855131,0.1493963782696177,9.757403342605116,3.8610649566731885,28.06841923943294,21.07927927309349
Exp4-Medium,Proposed,1984,18.598385538147845,12.634596209392619,5.963789328755226,31.749553116215647,53.60402193726379,132.37771620294313,73.21091786740281,0.40826612903225806,0.26764112903225806,0.11340725806451613,8.719364852924919,4.409788694213672,28.7883293741793,16.42071596477828
Exp4-Medium,PPO-GRU,1984,16.767704834713886,9.076766119769742,7.690938714944144,32.63888995676477,52.69432724227024,135.59655908043806,74.99563400837326,0.2842741935483871,0.1935483870967742,0.11491935483870967,6.651764138324507,4.580386329113081,28.653980919242983,15.409425861925696
Exp4-Medium,MPC,1035,3.0851617970430247,3.087887527912654,-0.0027257308696291283,3.980359469056321,4.749651041911779,11.942177144336787,6.593190027105532,0.002898550724637681,0.000966183574879227,0.000966183574879227,2.6462065297597,1.0148158465021546,3.694495767346253,2.5568922440969457
Exp4-Strong,PPO,1827,25.900257846045175,13.75117558626126,12.149082259783915,61.71290701731689,86.52215749375783,151.3754448830392,98.11923912263875,0.4745484400656814,0.39846743295019155,0.2791461412151067,10.308408363328384,5.545635492808453,46.21003551654181,43.51203702834374
Exp4-Strong,Proposed,1763,29.85277662161255,15.152689261444408,14.70008736016814,85.23786640483988,125.9819609741196,161.10627199720065,126.25171998286442,0.5048213272830403,0.394781622234827,0.26999432785025523,11.866838965871851,5.700189013347502,76.82012387444956,31.990524230680705
Exp4-Strong,PPO-GRU,1737,29.864328447992364,13.748777545792631,16.115550902199733,97.35930174504932,130.08436155877976,166.44210262887083,133.69557545117758,0.46286701208981,0.3436960276338515,0.24179620034542315,9.77076319262166,6.957544877276809,87.48284693493453,25.41169421835146
Exp4-Strong,MPC,420,3.6230228842073653,3.3129289683532015,0.3100939158541638,5.380917534449492,7.532900341996624,14.505738851104622,9.560144717005823,0.009523809523809525,0.004761904761904762,0.002380952380952381,2.60868147045965,1.3745209289517057,4.238938342314974,3.6432966693278384
Exp4-Weak,PPO,2000,9.55663126865602,8.579834131794328,0.9767971368616912,13.365898868222192,15.346317722541047,50.500582277985835,23.324622289060425,0.0545,0.0325,0.019,7.5772752614287455,2.3364779414671317,12.462995635122413,7.181960304722422
Exp4-Weak,Proposed,2000,8.510900319283923,7.684387291699757,0.8265130275841663,14.88297632696013,17.73331596450564,22.73668887058058,19.231410604307772,0.0965,0.0255,0.004,5.354963931938377,2.7621489909206662,12.452253113595814,10.362439257776687
Exp4-Weak,PPO-GRU,1992,8.234423065736939,6.662646441214798,1.5717766245221414,14.385365088268694,17.52585378895945,33.98078609637648,22.549562399276994,0.08835341365461848,0.03162650602409638,0.012550200803212851,5.00280620852169,3.1520571698800146,12.8321632616481,7.826549845377531
Exp4-Weak,MPC,1656,2.2244283316460076,2.222290249712369,0.0021380819336385137,2.739624777042917,3.0300942092036762,9.734336872844136,4.770713395831801,0.0030193236714975845,0.0,0.0,1.565711584198703,1.0243098094484724,2.5430570129141676,2.21757117820638
Exp5-Complex,PPO,1977,11.030627503343627,4.4933364155504405,6.537291087793187,24.424776029947306,47.70539751989369,94.51280269372685,55.93265404870879,0.1638846737481032,0.12392513909964593,0.08042488619119878,3.8644254097448334,1.847607151623469,17.836697508029808,11.766645554899107
Exp5-Complex,Proposed,1930,19.66360458361066,12.015360548384812,7.648244035225847,35.54561521091479,79.68277898226901,143.35417221933832,86.86988113064686,0.389119170984456,0.24611398963730569,0.12694300518134716,8.653808697271135,4.443318092849266,30.89126948754536,17.17173351308054
Exp5-Complex,PPO-GRU,1933,17.765248155934916,9.681328198926845,8.08391995700807,35.16558415484432,69.26775744821047,139.36934317238965,81.0794627726275,0.297465080186239,0.2074495602690119,0.12364200724262804,6.863288266730633,4.767758908614041,29.918602738411344,16.13353246489809
Exp5-Complex,MPC,941,3.187464359100483,2.830693988589535,0.3567703705109482,4.4600858790339935,5.531863021624459,11.955397071962846,8.233973114448839,0.003188097768331562,0.0021253985122210413,0.0010626992561105207,2.3015961653758765,1.1487421957477646,3.964419379193821,2.728237101691553
